w1,w2
go,249
until,22
jurong,1
point,13
crazy,10
available,13
only,131
bugis,7
n,135
great,100
world,32
la,7
e,78
buffet,2
cine,7
there,185
got,232
amore,1
wat,95
ok,272
lar,38
joking,6
wif,27
u,987
oni,4
dun,55
say,91
so,412
early,33
hor,2
c,60
already,89
then,223
nah,10
i,2185
dont,257
think,128
he,184
goes,26
usf,11
lives,4
around,59
here,111
though,26
even,55
my,743
brother,18
is,728
not,406
like,229
speak,23
with,271
me,756
they,109
treat,16
aids,1
patent,1
as,146
per,13
your,414
request,7
melle,6
oru,4
minnaminunginte,3
nurungu,3
vettam,3
has,86
been,87
set,19
callertune,10
for,501
all,239
callers,5
press,10
copy,9
friends,53
im,451
gonna,58
be,332
home,160
soon,56
and,848
want,163
talk,40
about,159
this,243
stuff,42
anymore,8
tonight,57
k,71
ive,73
cried,1
enough,27
today,125
searching,5
right,89
words,22
thank,27
you,1837
breather,1
promise,9
wont,51
take,112
help,36
granted,1
will,334
fulfil,1
have,438
wonderful,15
blessing,2
at,377
times,25
date,9
sunday,8
oh,111
kim,1
watching,34
eh,12
remember,31
how,255
spell,3
his,59
name,34
yes,71
did,116
v,47
naughty,7
make,88
wet,3
fine,45
if,347
thatехs,4
way,100
feel,62
its,297
gota,1
b,63
that,486
seriously,9
iычm,5
going,167
try,42
months,10
ha,16
м,120
pay,30
first,56
when,274
da,131
stock,5
comin,11
aft,19
finish,42
lunch,45
str,3
down,55
lor,160
ard,21
smth,16
ur,240
ffffffffff,1
alright,23
no,273
can,376
meet,72
up,284
sooner,4
just,289
forced,1
myself,10
eat,38
slice,2
really,85
hungry,12
tho,17
sucks,7
mark,8
getting,46
worried,9
knows,9
sick,9
turn,3
pizza,8
lol,73
always,56
convincing,1
catch,9
bus,30
are,409
frying,3
egg,4
tea,6
eating,7
moms,9
left,29
over,55
dinner,35
do,377
love,185
back,129
amp,82
were,79
packing,1
car,39
now,289
ill,236
let,70
know,232
theres,25
room,34
ahhh,1
work,96
vaguely,1
what,242
does,29
it,590
wait,57
thats,94
still,146
clear,3
sure,71
being,37
sarcastic,2
or,228
why,67
x,40
doesnt,26
live,17
us,55
yeah,85
was,222
apologetic,1
had,84
fallen,1
out,211
she,130
actin,1
spoilt,1
child,2
caught,3
till,21
but,418
we,297
doing,85
too,104
badly,1
cheers,8
tell,121
anything,73
fear,3
fainting,1
housework,1
quick,8
cuppa,1
yup,43
look,28
timings,1
msg,54
again,62
xuhui,3
learn,5
nd,12
may,39
her,113
lesson,17
am,214
oops,10
roommates,5
done,45
see,137
letter,4
decide,9
hello,46
hows,44
saturday,9
texting,5
youd,8
decided,16
tomo,17
trying,28
invite,3
pls,98
ahead,7
watts,1
wanted,26
weekend,24
abiola,11
forget,16
need,156
crave,11
most,26
sweet,33
arabian,1
steed,1
mmmmmm,2
yummy,3
who,61
seeing,14
hope,99
man,44
well,126
endowed,1
ltgt,276
inches,4
callsmessagesmissed,3
calls,12
didnt,79
get,307
hep,1
immunisation,1
nigeria,8
fair,3
hopefully,5
tyler,5
cant,118
could,53
maybe,29
ask,88
bit,43
stubborn,1
hospital,10
kept,4
telling,14
weak,5
sucker,1
hospitals,2
suckers,1
thinked,1
time,189
saw,23
class,43
gram,3
usually,6
runs,3
half,25
eighth,2
smarter,1
gets,11
almost,13
whole,14
second,18
fyi,6
ride,5
tomorrow,80
morning,77
hes,32
crashing,1
our,63
place,54
wow,10
never,42
realized,3
embarassed,4
by,135
accomodations,1
thought,46
liked,7
since,25
best,38
seemed,4
happy,105
cave,1
sorry,153
more,79
give,93
offered,1
embarassing,1
mallika,1
sherawat,1
yesterday,20
find,50
lturlgt,3
call,229
later,134
meeting,43
where,98
reached,10
yesgauti,1
sehwag,1
odi,2
series,4
pick,69
burger,1
yourself,21
move,11
pain,24
killing,2
good,222
joke,5
girls,11
situation,9
seekers,1
part,21
checking,11
iq,4
took,19
forever,9
come,224
double,5
check,34
hair,24
dresser,3
said,86
wun,7
cut,13
short,9
nice,57
song,9
dedicated,2
day,191
which,52
dedicate,2
send,123
valuable,4
frnds,14
rply,5
plane,5
month,28
end,26
wah,4
lucky,9
save,7
money,53
hee,13
finished,19
hi,117
babe,70
wanna,28
something,68
xx,7
kkwhere,2
youhow,1
performed,1
waiting,36
machan,4
once,33
free,59
cool,40
gentleman,3
dignity,3
respect,3
peoples,1
very,75
much,112
shy,2
pa,32
operate,1
after,84
same,48
looking,20
job,43
tas,1
earn,2
ah,30
next,46
stop,37
network,4
urgnt,5
sms,18
real,24
yo,36
tickets,7
one,162
jacket,2
used,14
multis,1
started,17
requests,2
came,26
bed,32
coins,4
factory,1
gotta,12
cash,12
nitros,2
ela,2
kanoil,1
download,10
wen,24
donычt,6
stand,7
close,14
youычll,1
another,35
night,107
spent,8
late,55
afternoon,27
casualty,1
means,26
havent,45
any,105
y,42
stuffmoro,1
includes,1
sheets,3
smile,44
pleasure,7
trouble,8
pours,2
rain,9
sum,5
hurts,8
becoz,4
someone,45
loves,8
smiling,20
planning,8
buy,62
lido,3
show,21
telugu,1
moviewat,1
abt,26
loads,10
loans,1
wk,7
hols,2
run,23
forgot,31
hairdressers,1
appointment,4
four,2
shower,11
beforehand,1
cause,18
prob,16
uham,1
please,76
text,68
nothing,34
else,23
okay,26
price,7
long,42
legal,4
them,79
ave,5
ams,1
gone,15
driving,20
test,22
yet,48
youre,51
mean,20
guess,31
gave,10
boston,5
men,7
changed,6
search,15
location,2
nyc,4
cuz,7
signin,1
page,6
says,27
umma,7
life,74
vava,3
lot,34
dear,97
thanks,61
wishes,8
birthday,35
making,23
truly,2
memorable,1
aight,33
hit,11
some,119
would,72
ip,1
address,17
considering,4
computer,7
isnt,17
minecraft,1
server,1
grumpy,1
old,18
people,47
mom,12
better,41
lying,1
play,20
jokes,5
worry,22
busy,17
plural,1
noun,2
research,4
dinnermsg,1
cos,76
new,67
things,51
scared,5
mah,13
loud,3
wa,3
openin,1
sentence,3
formal,1
anyway,27
juz,25
tt,4
eatin,7
puttin,2
weighthaha,1
anythin,3
special,32
happened,16
entered,5
cabin,5
bday,15
boss,9
felt,13
askd,12
invited,8
apartment,8
went,61
goodo,2
must,22
friday,14
eggpotato,1
ratio,1
tortilla,2
needed,3
hmmmy,1
uncle,12
informed,3
paying,7
school,27
directly,6
food,23
applespairsall,1
malarky,1
sao,1
mu,14
мп,52
predict,1
мll,2
buying,9
knowyetunde,1
hasnt,5
sent,58
bother,7
sending,10
involve,1
shouldnt,5
imposed,1
apologise,3
hey,106
girl,29
r,131
del,1
bak,8
from,150
lucyxx,1
kkhow,4
cost,10
tmorrowpls,1
accomodate,1
answer,14
question,15
haf,23
msn,2
yijuehotmailcom,1
him,108
rooms,4
befor,4
activities,4
lazy,9
type,15
lect,9
pouch,2
sir,33
mail,24
swt,2
nver,1
tired,12
little,27
lovable,11
persons,7
cozsomtimes,1
those,29
occupy,2
d,102
biggest,1
their,13
hearts,1
gud,53
ni,12
open,16
ya,55
dot,1
whats,32
staff,2
taking,17
ummmawill,1
inour,1
begin,4
qatar,4
pray,8
hard,13
ki,6
deleted,4
contact,12
sindu,1
birla,3
soft,3
wine,11
flowing,2
nevering,1
thk,50
plaza,2
typical,1
reply,43
everywhere,2
dirt,1
floor,3
windows,2
shirt,4
sometimes,8
mouth,2
comes,18
dream,7
without,28
chores,1
joy,4
lots,15
tv,22
shows,5
exist,1
hail,1
mist,1
become,5
aaooooright,1
leaving,19
house,35
interview,4
boy,30
meare,1
missing,26
keep,62
safe,11
because,36
miss,69
envy,1
everyone,16
sees,1
parentsi,1
hand,15
excited,1
each,9
spend,10
points,4
cultures,1
module,2
frnd,10
avoid,2
missunderstding,1
wit,15
beloved,2
ones,8
escape,4
fancy,5
bridge,1
needs,15
lager,1
completely,8
formclark,2
also,68
utter,2
waste,7
axis,1
bank,12
account,20
hmmm,9
hop,7
muz,11
discuss,5
liao,35
coming,50
bloody,4
hell,12
believe,18
surname,1
mr,10
clue,1
spanish,1
begins,1
m,10
bath,11
goodfine,1
youve,10
carlos,15
mall,3
turns,6
staying,9
til,25
smoke,17
worth,4
log,7
spoke,6
maneesha,3
wed,9
satisfied,3
experience,7
toll,3
lifted,1
hopes,1
offer,7
especially,9
approaches,1
studying,9
anyways,4
gr,12
trust,9
guys,32
greatbye,1
handsome,1
finding,1
working,29
towards,7
net,7
mummy,3
wheres,8
boytoy,16
haha,48
awesome,19
minute,12
xmas,13
radio,3
jus,35
bathe,10
sis,17
using,7
finishes,3
joined,4
league,1
touch,16
deal,8
friend,36
personal,4
week,66
finally,14
completed,2
course,14
itself,9
however,7
suggest,3
stays,2
able,26
ors,1
every,40
stool,1
settled,4
year,44
wishin,2
mrng,14
hav,26
story,20
hamster,2
dead,8
tmr,28
pm,24
orchard,11
mrt,9
kate,11
evening,26
babyjontet,1
txt,13
xxx,21
found,16
enc,1
bucks,7
darlin,14
college,15
refilled,2
successfully,3
inr,2
ltdecimalgt,23
keralacircle,2
prepaid,2
balance,4
rs,11
transaction,5
id,29
kr,2
goodmorning,14
sleeping,17
ga,1
alter,1
dat,39
ericsson,2
oso,23
cannot,5
oredi,15
dats,3
straight,4
dogg,1
connection,4
before,60
refund,1
bill,7
both,20
shoot,4
big,35
ready,35
bruv,2
break,13
rewarding,2
semester,12
chat,14
kkgoodstudy,1
noe,20
leh,29
sounds,15
match,5
heading,2
draw,5
prediction,1
slept,8
past,7
few,44
nights,3
easy,18
ahsen,2
selected,4
exam,11
march,13
should,88
use,36
gt,8
atm,3
register,1
os,2
called,32
ubandu,1
installing,2
diskyou,1
important,14
files,4
system,6
repair,2
shop,13
happen,20
romantic,4
nite,27
scenery,1
appreciate,7
company,15
elama,1
po,3
mudyadhu,1
strict,1
than,37
teacher,3
bcoz,10
teaches,4
conducts,2
lessons,9
gandhipuram,1
walk,18
cross,1
road,8
side,13
street,6
rubber,1
battery,7
died,5
yeshere,2
printed,2
upstairs,2
closer,4
youwhen,1
wil,18
reach,26
theory,4
argument,5
wins,4
loses,3
person,40
argue,4
kick,5
correct,8
tomarrow,3
final,2
hearing,1
laptop,12
case,14
pleassssssseeeeee,1
tel,12
avent,3
sportsx,1
shining,2
meant,14
signing,2
although,2
told,53
into,30
baig,1
face,29
watches,1
watch,33
fr,13
thanx,32
everything,29
uve,1
touched,3
commercial,2
website,4
slippers,3
asked,22
kallis,6
bat,3
innings,3
goodnight,8
fix,5
wake,26
dearly,3
missed,21
sleep,56
ranjith,3
cal,6
drpd,2
deeraj,2
deepak,2
min,26
hold,14
bcums,4
angry,18
wid,16
dnt,13
coz,19
childish,6
true,22
showing,7
deep,10
affection,4
care,62
luv,29
kettoda,4
manda,4
doinghow,2
ups,1
days,28
shipping,3
takes,12
wks,3
other,51
usps,1
lag,2
bribe,1
nipost,1
lemme,8
necessarily,2
expect,4
headin,2
mmm,4
jolt,2
suzy,1
lover,7
parked,3
mini,2
shopping,23
own,10
disturb,9
luton,1
ring,15
h,1
dint,6
wana,11
plan,32
trip,17
sometme,1
evo,1
flash,3
jealous,3
sorting,3
narcotics,1
ended,6
sunny,6
rays,5
leaves,10
worries,9
blue,12
bay,4
might,34
objection,1
bf,5
rob,1
mack,1
gf,2
theater,1
handed,3
celebrations,1
full,21
swing,12
tool,2
far,16
okie,19
usual,7
passed,4
last,65
ahold,1
anybody,5
throw,4
lets,17
baby,28
cruisin,1
hour,30
fone,9
jenny,2
ge,7
dearshall,1
tonitebusy,1
streetshall,1
update,5
tonitethings,1
okvarunnathu,1
edukkukayee,1
raksha,1
ollubut,1
sense,7
gautham,3
stupid,10
cam,2
buzy,3
accidentally,4
message,51
resend,2
unless,9
gurl,1
appropriate,1
hurt,22
tease,3
cry,5
die,12
plz,25
rose,8
grave,2
bslvyl,13
phone,80
coffee,7
tomocant,2
somebody,9
high,4
diesel,1
shit,34
shocking,2
scary,3
imagine,7
def,4
somewhere,10
crash,2
taxi,2
fridge,1
meal,3
womdarfull,1
actor,2
remb,1
book,17
jos,1
friendship,21
hanging,4
thread,2
garage,3
keys,3
arent,7
bookshelf,1
accept,9
dayu,3
sister,17
clos,3
lvblefrnd,3
jstfrnd,3
cutefrnd,3
lifpartnr,3
belovd,4
swtheart,3
bstfrnd,3
enemy,4
definitely,5
normal,8
waythis,1
uniquei,1
rest,9
mylife,1
wot,23
lost,11
made,28
kkadvance,1
pongal,3
kb,7
power,8
yoga,7
dunno,31
tahan,2
anot,2
lo,2
dude,23
afraid,3
cake,3
merry,9
christmas,11
kisses,4
cud,4
ppl,4
gona,3
l,2
buses,2
gon,1
waitin,4
pete,8
guild,1
bristol,2
plans,11
flight,2
problem,35
dahow,2
todays,8
sign,6
track,6
record,3
reading,13
women,2
read,14
light,15
kkapo,1
kgood,1
movie,18
return,6
immediately,5
chance,12
evaporated,1
violated,2
privacy,1
stealing,1
number,64
employers,1
paperwork,2
report,6
supervisor,3
tadaaaaa,1
wined,1
dined,1
sleepingand,3
surfing,5
calling,14
post,14
s,22
texts,9
wiv,6
caroline,2
favourite,3
bless,2
hiding,1
stranger,2
interested,7
cleared,3
two,31
round,7
gudnitetcpractice,2
dis,28
yijue,6
huiming,1
num,6
small,11
prestige,1
jeremiah,1
iphone,1
apeshit,1
ever,32
misbehaved,2
slap,3
urself,9
fault,6
basically,5
figure,10
alcohol,3
jay,11
safely,1
weed,8
ish,12
minutes,27
ago,12
wtf,4
callingforgot,1
onam,1
sirjii,1
remembered,3
met,9
insurance,7
personmeet,1
insha,1
allahrakhesh,1
ex,10
tata,1
aig,1
tisscotayseer,1
unemployed,2
moment,10
st,23
andrewsboy,1
cold,6
posted,6
chikku,12
chikkudb,1
audreys,1
status,2
forward,7
sunshine,1
dawns,1
refreshed,1
alive,2
breathe,2
air,7
z,1
uniform,1
geeee,5
woke,10
wish,50
cuddling,2
spoil,1
talking,13
agree,2
willing,5
seen,12
mei,6
didt,5
recognise,2
happening,7
lindsay,1
years,21
sighs,5
bars,1
ptbo,3
heron,1
payasam,1
rinu,1
brings,8
taught,1
becaus,1
verifying,1
project,14
prabu,1
mistake,6
re,10
body,5
repairs,1
quite,34
slow,10
tests,3
guide,5
ovulation,2
relax,6
reason,14
followin,1
couple,12
wallet,1
leave,53
owl,1
licks,2
customer,9
mm,10
fun,22
having,42
huh,20
sat,27
intro,5
pilates,6
kickboxing,1
office,24
lap,1
shut,3
bout,13
performance,1
award,1
calculated,1
monthnot,1
current,3
period,3
actually,32
rock,10
putting,6
business,3
put,28
pictures,5
ass,13
facebook,8
picture,2
al,7
salam,1
wahleykkumsharing,1
newsby,1
grace,2
god,31
tayseertissco,1
joinedhope,1
fineinshah,1
allahmeet,1
sometimerakheshvisitor,1
india,10
hmmmkbut,1
change,22
field,2
quickly,3
dai,6
administrator,2
chechi,3
cream,4
shipped,2
none,8
yep,10
loxahatchee,2
tree,3
burning,2
starts,5
stoners,1
slightly,2
disastrous,1
fav,1
darlings,2
off,56
wld,2
stay,20
drink,17
busetop,1
messagesome,2
sendername,2
sentdate,2
via,9
fullonsmscom,6
iron,1
thing,60
okies,1
yan,5
jiu,5
skip,2
den,32
blah,3
bring,26
wendy,1
whatsup,2
goal,1
head,18
yesfrom,1
siva,1
hostel,5
aha,8
receive,5
voice,10
speaking,2
expression,2
sentiment,1
rowdy,1
ful,3
attitude,1
attractive,1
funny,8
irritating,3
shell,6
aathiwhere,3
urination,1
esplanade,4
mind,39
giving,7
lift,7
wnt,6
bmw,3
urgentlyits,3
vry,6
urgentbut,3
hv,5
shortage,3
lacsthere,3
source,3
arng,3
amt,5
lacsthats,3
fifteen,4
fucking,15
respond,4
booked,10
ticket,6
hillsborough,1
th,38
askin,6
dollars,5
shoul,1
g,17
iouri,3
ten,13
applebees,2
txtjourney,1
gdnow,1
mins,12
arrange,4
yeshe,3
greatbhaji,2
cricketer,2
sachin,2
worldvery,2
tough,7
supposed,12
oic,3
tot,21
din,8
group,6
werethe,1
monkeespeople,1
monkeyaround,1
howdy,1
gorgeous,4
blimey,1
exercise,1
kinda,8
hmm,11
concentration,1
hanks,1
lotsly,1
kkwhat,1
detail,1
transferacc,1
optimistic,1
improve,2
si,5
oreo,2
truffles,2
amy,1
ure,10
beautiful,20
intelligent,4
woman,4
donехt,5
result,4
consistently,1
kind,16
start,28
asking,11
practicum,1
links,1
ears,1
ttyl,6
bad,30
thru,7
different,10
feelingwavering,1
decisions,2
coping,2
individualtime,1
heal,1
gives,5
reasons,4
bye,4
railway,3
princess,32
receiving,2
oral,1
doggy,3
style,8
fave,3
position,2
enjoy,29
roads,2
slippery,1
bike,1
many,56
language,2
screamed,2
enters,1
remove,6
flat,5
rate,2
transfered,3
removed,1
banks,3
differ,1
charges,3
differbe,1
ja,3
details,18
line,7
broken,2
heart,40
cum,9
infront,2
wise,3
ll,5
t,4
aathilove,3
tension,2
ahwhat,1
machiany,1
whenre,1
thinking,19
mcr,1
sec,5
taste,2
fb,6
jaykwon,1
thuglyfe,1
falconerf,1
win,11
depends,7
quality,5
boye,3
faded,1
glory,1
ralphs,1
fixed,6
accounts,3
dry,4
trade,2
credit,5
card,13
sorryin,2
reunion,1
nowcan,1
meh,9
nope,15
monday,10
replied,5
accenture,1
confirm,10
jackson,1
rec,1
center,2
reache,1
fighting,5
either,12
lose,20
bt,18
fightng,3
dificult,3
nuerologist,1
lolnice,1
fish,3
water,10
bored,19
outside,15
westshore,1
hyde,2
park,11
village,3
near,9
anthony,2
bringing,3
fees,3
rent,9
significance,1
opinion,8
jada,4
kusruthi,4
silent,9
spl,4
character,6
matured,4
stylish,5
simple,17
latest,3
gs,1
scrounge,2
ammo,1
ak,1
prabhaim,3
sorydarealyfrm,3
sory,3
forgiven,2
nojst,1
tat,6
sno,1
competition,2
transport,2
less,10
problematic,1
join,11
definite,2
nos,2
booking,2
fri,13
unconscious,1
children,6
adults,1
behave,3
abnormally,1
ebay,2
elsewhere,3
shall,29
pickle,2
tacos,2
rude,1
campus,6
pretty,15
lady,6
single,7
doublefaggot,1
todaysundaysunday,3
holidayso,3
while,24
hoping,10
lr,6
malaria,7
bani,1
leads,1
passionate,4
kiss,31
across,10
sea,15
probably,33
lt,6
fat,7
fingers,8
these,16
buttons,1
ummmmmaah,3
returns,5
tirupur,3
famous,1
quote,4
develop,2
ability,2
listen,12
unconditionally,1
losing,4
temper,1
self,6
confidence,4
married,5
oclock,1
mine,16
bash,1
recovery,2
rather,7
pass,6
cooped,1
hotel,5
invitation,1
cali,1
english,5
blokes,2
weddin,1
omw,7
btw,4
alibi,1
cutting,2
sink,1
through,12
paces,1
cage,1
cock,2
surrounded,1
reminding,2
owns,2
cuck,1
hurry,6
weeddeficient,1
three,4
acknowledgement,1
astoundingly,1
tactless,1
generally,3
faggy,2
demand,2
blood,3
oath,1
fo,2
warm,8
cup,4
milk,3
youll,13
magic,1
loose,2
weight,7
iычll,4
pan,2
itычs,3
cheap,6
perhaps,2
thatычs,3
silly,1
isnычt,1
likely,3
o,15
uv,1
causes,1
mutations,1
sunscreen,1
essential,4
thesedays,1
lunchyou,1
onlinewhy,1
pics,7
aiyo,6
haven,1
fast,14
workin,8
bao,1
sugardad,1
ahgee,1
meim,1
brownie,1
geeeee,2
barely,6
fuck,28
mrw,5
ninish,1
icky,1
american,3
freek,1
callin,3
jen,2
oooh,2
ridden,1
ey,2
gym,12
whatever,17
smiles,5
daddy,8
scream,6
dick,2
missy,1
yar,13
mum,15
sch,22
clean,7
lab,4
goggles,1
door,7
arguing,1
arngd,1
marriage,6
walkin,1
unfortuntly,1
snake,3
bites,1
dancing,2
frnt,1
sayin,1
bite,3
izzit,7
exwife,1
kids,10
scotland,2
jjc,1
tendencies,1
headache,3
quit,4
jazz,5
yogasana,5
em,9
meive,1
hardly,2
gotany,1
srsly,1
yi,1
grand,4
prix,1
choose,7
stands,1
ends,8
nitz,1
exhausted,3
train,9
pie,4
mums,4
present,7
ar,7
blastin,1
tsunamis,2
occur,1
rajnikant,1
stopped,5
swimming,3
indian,5
oceand,1
noon,9
bridgwater,1
banter,1
neva,18
imma,7
somethin,5
valentine,8
game,12
answers,4
ques,2
colour,4
suits,2
bestrply,1
dependents,1
cer,1
often,4
soonc,1
himthen,1
future,4
valentines,7
hundreds,1
handsomes,1
beauties,1
aunties,1
uncles,4
shock,1
shuhui,7
leona,3
reaction,2
family,21
happiness,13
snow,14
weather,6
together,21
friendships,1
grow,1
dismay,1
alex,7
concerned,1
pub,15
bud,4
drinks,3
useful,2
hear,29
officially,2
paid,6
market,3
tootsie,1
pop,3
longer,8
darren,12
forwarded,5
seventeen,1
pounds,2
seven,3
hundred,1
ml,1
ыт,9
sweetheart,2
biola,1
login,2
dad,28
fetching,1
hours,16
restock,1
thanksgiving,3
sound,10
effects,2
brighten,1
wee,2
thursday,5
allo,1
braved,1
taken,2
trains,2
triumphed,1
weычre,3
bычham,1
jolly,2
cartoon,5
listening,4
music,3
eve,14
temple,4
church,4
uncomfortable,1
email,17
gentle,5
sonetimes,1
rough,1
starting,5
panic,2
tuesday,8
wesleys,1
town,24
bet,4
hella,4
drugs,10
drug,5
dealers,1
impatient,2
sun,16
earth,5
cloud,1
river,2
evng,6
wikipediacom,1
under,7
lays,2
envelope,4
paper,11
repent,1
fetch,6
de,24
prepare,4
study,9
positions,1
kama,1
sutra,1
en,2
nange,1
bakra,1
kalstiyathen,1
teacoffee,1
carlosll,1
lakhs,1
ho,9
belly,5
laugh,9
ditto,1
saying,20
peace,3
knw,17
wetherspoons,1
piggy,1
awake,7
freaky,1
yelling,2
scrappy,1
lonely,3
hex,2
explain,4
sdrybi,1
xy,9
king,4
crying,1
building,3
map,3
imprtant,1
tomorw,1
dearme,1
cherthalain,1
cochin,2
bfore,1
starti,1
accordinglyor,1
comingtmorow,1
engaged,1
ans,6
holiday,12
torch,7
bold,9
farm,2
law,5
purchase,1
box,5
poop,2
looks,7
gpu,2
entrepreneurs,1
alexs,1
corporation,1
gap,6
ы,14
ku,1
prevent,1
dehydration,1
fluids,1
weird,4
idea,7
deari,2
soso,1
smsd,1
away,21
trek,1
harri,1
drivin,4
height,4
aeronautics,2
professors,2
wer,6
calld,2
sit,7
aeroplane,2
aftr,6
ws,3
students,6
dey,5
hurried,2
saidif,2
seems,9
timing,5
shitstorm,1
attributed,1
stress,3
dorm,2
menu,6
sell,10
sth,1
specs,1
membership,1
px,1
macha,1
upseti,1
assume,4
mindsetbelieve,1
uslet,1
againcall,1
anytime,4
sfine,1
wondar,1
flim,1
cookies,2
jelly,1
running,5
stillmaybe,1
feeling,19
sameso,1
itor,1
admiti,1
madthen,1
correctionor,1
lifeand,1
worldmay,1
runninglets,1
scrumptious,1
wants,20
ba,2
dao,1
order,7
halfth,2
exactly,6
jide,1
visiting,1
spring,2
yay,6
steak,1
convincingjust,1
twice,5
neglect,1
msgs,7
itjust,1
tonite,8
opportunityall,1
fastpls,1
add,8
prayers,1
dearrakhesh,1
mayb,13
rite,19
gd,16
faster,3
gals,4
attached,2
glad,9
hadnt,1
clocks,1
shouted,3
realised,1
wahay,1
shorter,3
ladies,3
gaze,1
eyes,9
weve,4
spoken,4
gist,2
gimme,3
lip,2
caveboy,1
library,8
realy,5
sorryi,1
confused,2
holla,7
anyone,16
spare,2
top,6
faith,1
makes,23
possiblehope,1
worklove,1
beautifulmay,1
christmasmerry,1
youcarlos,1
isare,1
phones,2
vibrate,1
acting,1
grandmas,1
hungover,1
gua,1
mt,2
faber,1
yest,7
wishing,10
mas,3
advance,6
nt,14
goin,21
meetin,4
wonder,11
tis,5
theyre,7
dramatic,1
schools,2
closed,2
apparently,4
drive,20
inch,2
anywhere,3
damn,6
hunting,1
drunkard,1
wats,13
idc,1
weaseling,1
row,3
space,5
picking,12
trash,1
smokes,4
begging,2
lovely,15
sing,3
guy,24
slave,8
punish,1
beerage,1
randomlly,1
within,6
opening,2
couldnt,5
shes,29
fixes,1
spelling,1
diff,3
word,12
enjoyed,2
fondly,1
bein,3
thot,2
ywhere,1
dogbreath,1
sounding,1
jan,3
omg,8
weighed,1
woohoo,1
uncountable,1
dictionary,4
pieces,3
petey,1
whereare,1
friendsare,1
thekingshead,1
canlove,1
nic,2
appt,4
lttimegt,7
dled,1
imp,2
aint,9
smokin,1
boooo,1
bec,2
ugh,12
ssnervous,1
costumes,1
gift,7
yowifes,1
hint,3
borrow,2
bag,5
model,6
youi,1
galileo,2
dobby,1
responding,2
boo,6
enjoyin,1
yourjob,1
gettin,8
hunnyhope,1
oktake,2
iехllspeak,1
soonlots,1
loveme,2
xxxx,1
starshine,1
ache,4
sips,1
cappuccino,2
teasing,6
bits,1
hahahause,3
brain,3
turned,1
green,4
burial,1
mojibiola,2
mate,14
rv,1
hol,1
havenехt,2
ages,3
roadsrvx,1
skyped,2
kz,2
sura,4
given,2
ultimatum,2
countin,2
aburo,2
surely,6
successful,3
charge,10
inconsiderate,2
nag,2
recession,2
hence,2
soo,2
understand,10
morrow,3
comprehensive,1
prashanthettans,1
mother,5
kkwhen,2
meanwhile,4
suite,2
xavier,3
seconds,3
warning,2
samantha,1
playing,5
jays,3
guitar,1
impress,1
doug,1
realizes,1
stomach,3
trauma,1
swear,1
officewhats,1
mattermsg,1
nowi,2
shoes,2
wan,53
inner,1
tigress,1
activate,1
version,6
poor,10
babyhope,1
urfeeling,1
bettersn,1
probthat,1
overdose,1
careful,2
spk,3
sn,2
lovejen,1
returned,3
hai,7
ana,1
sathy,1
rto,1
spoons,1
named,2
tampa,9
genius,2
whenever,11
connections,2
sort,10
lotta,2
corvettes,1
lately,2
consider,2
walls,3
bunkers,1
peaceful,2
matter,5
philosophical,1
hole,1
saved,4
goodno,1
problembut,1
drop,16
cuddle,3
nap,3
atleast,1
otherwise,10
shakespeare,1
shesil,3
castor,2
knew,12
woul,1
lead,5
wanting,3
curfew,1
gibe,1
midnight,6
getsleep,1
studdying,1
ear,2
training,8
massages,1
oil,2
sup,6
yoyyooo,1
permissions,1
mac,2
usb,2
gibbs,2
unsoldmike,1
hussey,1
failed,2
sad,21
unbelievable,2
faglord,1
wifehow,3
murder,6
nutter,1
cutter,1
ctter,1
cttergg,1
cttargg,1
ctargg,1
ctagg,1
ie,2
thus,1
superb,1
grateful,1
opportunity,3
happier,1
agents,1
experiment,1
due,4
several,2
outstanding,3
invoices,1
possible,8
teach,6
smell,1
tobacco,1
derek,4
taylor,2
assumed,1
worst,2
charles,2
plus,18
grinule,1
greet,3
white,5
fudge,1
oreos,1
stores,2
zahers,1
ym,5
nauseous,1
pissed,5
sweets,2
pig,4
dieting,1
chip,2
reminder,1
iam,5
addicted,4
msging,3
wrong,14
photo,4
registered,4
yck,2
ma,4
ashleys,1
avalarr,1
hollalater,1
attend,4
rounds,1
todaybut,1
websitenow,1
blogging,1
magicalsongsblogspotcom,1
chikkuil,1
diet,4
ate,6
slices,1
kvb,1
acc,4
fridayhope,1
alternativehope,1
yr,3
terms,3
congratulations,1
ore,1
mo,8
owo,1
moments,3
fro,1
wherever,6
samus,1
shoulders,1
wear,5
jeans,2
fever,4
vomitin,1
kkare,1
stuffed,1
bleh,2
least,13
writhing,1
tons,1
paypal,1
voila,1
pockets,1
places,5
medical,8
sorta,1
blown,1
recently,5
scores,1
sophas,1
secondary,1
application,2
applying,1
ogunrinde,1
expensive,6
photos,5
lodging,1
chk,1
ms,1
dict,1
shb,1
truth,11
against,9
gravity,4
carefully,4
feels,11
heavy,7
dobbys,1
bowl,4
ull,6
brand,2
decision,4
simpler,2
magical,3
welp,3
retired,1
code,1
natwest,1
chad,1
gymnastics,1
site,5
christians,1
backa,1
necklace,2
token,1
youthats,1
wife,23
likingbe,1
seeno,1
thatdont,1
aptitude,1
horse,1
racing,2
earlier,13
chicken,3
rice,2
closes,2
wrongly,1
ad,5
crap,2
borin,1
boggy,1
boring,5
biatch,1
nxt,6
il,8
hesitate,1
weakness,1
notebook,1
salary,4
chocolate,2
dayshe,2
potential,2
talent,3
reckon,2
eightish,1
carpark,1
fuckin,3
dropped,5
loving,15
yun,5
ahthe,1
ubi,2
tomorrowcall,1
ireneere,1
cresubi,1
tech,2
parkph,1
wkg,3
daysмn,1
sd,1
butt,3
sore,4
july,1
relaxing,1
party,14
stripes,1
skirt,1
miracle,7
jesus,5
blessed,2
escalator,1
yetunde,3
quiet,2
beth,1
aunts,2
charlie,1
helen,1
nobut,1
heard,8
syllabus,1
poyyarikaturkolathupalayamunjalur,1
posterode,1
heroi,1
apt,1
opportunitypls,1
ltemailgt,1
kerala,5
fit,2
terrible,3
fan,2
meat,1
lovers,2
supreme,1
toldshe,1
dearregret,1
cudnt,1
calldrove,1
frm,11
ctla,1
homeleft,1
mobile,15
carente,1
ishtamayoohappy,1
bakrid,1
exe,3
don,11
knowwait,1
glorious,1
anniversary,2
j,6
finds,1
content,1
prey,3
coaxing,1
images,1
fond,1
souveniers,1
cougarpen,1
pattern,2
weekends,3
throat,4
scratches,1
plm,2
asleep,5
foreign,3
stamps,3
country,3
lecture,4
sheffield,2
nanny,1
raise,4
zoe,1
shitin,1
defo,1
hardest,1
morow,2
millions,1
lekdog,1
setting,2
filling,2
loverboy,6
blankets,1
sufficient,1
thx,2
flirt,3
nyt,8
edison,2
rightly,2
fool,4
questions,6
speechless,3
during,7
viva,2
gm,2
atten,1
roast,3
iехd,1
concentrate,3
educational,2
career,3
walked,3
doesnехt,1
serious,6
soiree,1
june,3
rd,10
sells,2
data,1
analysis,1
thesis,2
belligerent,1
hiya,9
april,5
les,1
rudi,1
yrs,6
snoringthey,1
drunk,3
sends,2
ink,1
female,2
howre,1
throwing,1
deciding,2
technical,3
support,9
processnetworking,1
daysso,1
prepared,2
finalise,1
travel,3
visitneed,1
urgent,2
works,6
bitch,4
dentist,1
bathing,4
lul,1
juicy,3
gossip,2
nurses,1
thinks,4
obese,1
oyea,1
oi,2
ami,1
parchi,1
na,10
kicchu,1
kaaj,1
korte,1
iccha,1
korche,1
ta,3
tul,1
movies,8
dvd,1
copies,1
sculpture,1
convey,9
regards,6
surya,1
vijay,4
pokkiri,1
pic,5
dearer,3
dem,4
attractioni,1
meshe,1
thoughtsi,1
hershe,1
dreamlove,1
breath,1
namemy,1
hermy,1
heri,2
herwill,1
sorrowsi,1
fight,4
craziest,2
herlove,2
proove,1
planeti,1
singing,2
praises,1
curry,2
makiing,1
sambarlife,1
thenwill,1
lotwill,2
frndship,5
needle,1
clock,4
evn,3
meetitz,1
alwys,3
conected,1
spatula,1
hands,4
goto,2
doctor,9
calis,1
complexities,1
freely,1
taxes,1
outrageous,1
tomorro,2
ryder,1
unsoldnow,1
fret,2
strips,1
postal,1
addressull,1
alrightokay,1
gifts,1
cliff,1
ne,3
interesting,5
wrking,1
uni,5
depressed,2
sittin,1
wind,2
drops,1
black,5
aiyah,6
hen,1
online,22
italian,5
grins,12
smoked,1
weeks,6
math,2
sfirst,1
timedhoni,1
rocks,2
teju,1
hourish,1
nothis,1
groundamla,1
durban,2
convenience,1
evaluation,1
cancel,3
cheyyamoand,1
okok,3
okthenwhats,3
aiyar,4
catching,3
throws,1
gal,10
falls,3
brothers,1
whos,10
gay,2
errors,1
difficulties,2
correction,1
howz,6
painhope,1
tau,1
sar,2
piah,1
wearing,4
ohas,1
film,8
shades,1
copied,1
raining,6
station,5
tank,2
sitter,1
kaitlyn,1
adult,1
danger,1
peeps,1
comment,1
veggie,1
neighbors,1
computerless,1
hot,7
balloon,1
passthey,1
silently,2
ntswt,1
drms,1
roommate,3
melody,1
horrible,5
macs,1
toot,2
fantastic,3
bigger,3
q,2
nw,5
hme,1
islands,1
chennai,13
velachery,1
flippin,1
breaking,1
cstore,1
annoying,2
hangin,1
makin,2
alivebetter,1
lodge,1
worrying,1
shame,4
quizzes,1
popcorn,1
moan,5
thin,1
faultal,1
arguments,1
faultfed,1
himso,1
thanxxx,1
neft,2
reference,4
credited,3
beneficiary,2
natuition,3
understanding,4
appreciated,2
semi,1
apart,2
p,6
strong,4
arms,4
maaaan,1
guessin,1
walmart,3
ilol,1
personally,1
wuldnt,1
mite,4
creepy,2
lunchtime,1
organise,1
kkim,3
finewhen,2
complete,7
passable,1
score,3
apply,2
phd,1
easier,4
prakesh,1
apps,3
rofl,3
betta,1
invest,2
anti,3
aging,1
products,1
hr,8
delay,2
submitting,1
snatch,1
purse,2
hellodrivbyquit,1
edrunk,1
iff,1
pthis,1
senrddnot,1
dancce,1
drum,1
basqihave,1
nhite,1
ros,1
xxxxxxx,1
morn,3
relieved,1
westonzoyland,1
greatness,1
europe,1
nobody,8
chinese,5
docs,3
songs,4
havin,2
goinbed,1
onlymore,1
mc,1
hun,3
nitetell,1
ava,1
goodtimeoli,1
rang,3
melnite,1
ifink,1
sortedbut,1
everythin,1
monlrsx,1
flip,2
shun,1
bian,1
glass,1
exhibition,1
el,1
nino,1
himself,1
chikkugoing,1
cbe,5
honey,7
jd,2
service,4
executive,3
parents,16
news,7
picked,4
downstem,1
wahala,1
inperialmusic,1
listeningthe,1
weirdest,2
byеуleafcutter,1
johnеуsounds,1
insects,1
molestedsomeone,1
plumbingremixed,1
evil,1
acid,1
didntgive,1
bellearlier,1
hunny,2
exact,4
tee,2
cheery,1
cell,7
thts,4
collected,1
dough,2
control,2
weirdo,1
mode,9
stalk,1
profiles,1
jerry,2
irritates,2
fails,2
express,3
drinkin,2
wondering,9
others,9
dog,7
heygreat,1
dealfarm,1
tour,3
pax,1
deposit,1
jap,1
disappeared,1
birthdate,2
certificate,1
publish,1
secret,5
dreams,17
nydc,2
wheellock,1
destination,1
fifty,1
daily,2
favour,4
settling,1
happenin,1
ola,2
cocksuckers,1
ipads,1
worthless,1
garbage,2
novelty,1
items,1
tshirt,1
fran,3
broke,5
knackered,3
janx,1
ps,4
dads,2
designation,1
software,3
developer,1
jokin,2
spirit,1
bb,8
shattered,1
alrite,6
idiot,3
girlie,1
colours,1
darker,1
styling,1
whenevr,3
gray,1
remembr,1
listn,1
watevr,1
whileamp,1
shd,7
minus,1
between,21
paragraphs,1
coveragd,1
area,5
vasai,1
retard,1
bathroom,1
february,4
rush,4
icic,1
syria,1
canada,2
extra,5
heartsnot,1
cares,2
goodnoon,2
gauge,1
pattys,1
interest,2
mondaynxt,1
vl,7
completing,1
ax,1
chill,3
hrs,10
surgical,1
emergency,1
unfolds,1
frens,9
korean,1
leonas,1
fredericksburg,1
que,1
pases,1
un,1
buen,1
tiempo,1
chillin,3
super,3
tmrw,2
compass,1
soul,2
worldgnun,1
waysmscom,1
baaaaabe,1
misss,1
youuuuu,1
ned,2
convince,1
tht,9
witot,1
hurting,2
main,2
luck,7
sweetie,2
blackberry,4
buyer,1
melike,1
pple,5
marry,6
becz,1
undrstndng,1
avoids,1
problems,6
chain,3
suffer,1
whn,2
arrested,5
suntec,3
steamboat,1
dance,2
moji,4
seem,3
forgive,1
yahoo,6
messenger,3
reaching,9
tp,1
bbq,1
welcome,4
everyso,1
panicks,1
outhave,1
fill,4
bar,2
write,10
cover,8
screen,3
gently,4
auntie,1
huai,1
juan,2
tlk,2
ideal,2
path,1
appear,1
front,2
paths,1
walking,7
arm,2
shot,2
reserve,1
thirunelvali,1
tirunelvali,2
evei,1
netno,1
availablei,1
tackle,1
storming,3
phne,3
wt,3
meaning,6
margaret,3
girlfrnd,3
f,3
grahmbell,3
invnted,3
telphone,3
moralone,3
popped,3
tonght,1
ploughing,1
pile,1
ironing,1
chinky,1
wi,1
nz,1
players,7
unsold,3
effect,2
geelater,1
aust,1
bk,1
cafe,5
recharged,1
kidding,2
papa,1
shld,3
stretch,2
detailed,1
sinco,2
payee,2
icicibankcom,2
enter,3
urn,4
beware,2
frauds,2
share,7
disclose,2
vote,4
caring,3
losers,1
kaiez,2
tuition,4
gee,5
option,3
beta,1
practicing,2
babies,2
kkany,1
noncomittal,1
beneath,2
pale,2
moon,5
goodnite,3
snickering,1
tells,3
totally,4
chords,1
nofew,1
beforewent,1
rem,5
silver,2
lmao,6
silence,2
currently,3
exams,5
revision,2
boyf,1
interviw,1
exeter,2
worriedx,1
spreadsheet,1
whose,1
determine,1
entire,1
coat,2
painful,3
everybody,3
recognises,1
alone,14
ve,2
wisheds,1
intrepid,1
duo,1
sen,3
missin,3
guilty,3
aiya,4
cardiff,3
fact,9
addie,3
tues,2
breeze,1
bright,4
fresh,1
flower,4
twittering,1
birds,4
yagoing,1
restaurant,2
ducking,1
chinchillas,1
function,1
headstart,1
desperate,2
earlierwe,1
rummer,1
flying,1
monkeys,2
certainly,3
rajini,1
practical,2
stupidits,3
spys,1
replying,2
mails,2
yalru,1
lyfu,2
astne,1
innu,1
mundhe,1
lyf,2
ali,1
halla,1
ke,2
bilo,1
marriageprogram,1
edhae,1
ovr,1
chikkuali,1
vargu,1
meow,1
meowd,1
twelve,3
aah,3
fall,5
prone,1
permission,1
wonders,4
personality,4
nature,6
dose,1
tablet,1
incomm,1
blakes,3
waitshould,1
lotr,1
w,14
keeping,6
google,5
maps,1
tiring,1
modules,2
concentrating,1
browsin,1
compulsory,1
purity,4
messageits,4
musthu,2
investigate,1
vomit,5
moneyas,1
youmoney,1
thinghow,1
sha,4
vitamin,1
centre,5
crucial,1
someones,1
hostbased,1
idps,1
linux,1
systems,1
dawhats,2
total,3
video,2
converter,1
testing,2
sayy,1
loved,11
except,5
nit,2
peteis,1
leannewhat,1
eight,3
file,4
format,1
disc,1
internet,6
champ,1
glasgow,1
kall,1
bestcongrats,1
lovin,1
corect,1
speling,1
sarcasm,2
forum,2
ron,3
hicts,1
employee,1
aunt,2
nike,1
sooo,1
screaming,6
shouting,1
receipt,2
dang,1
unfortunately,2
airport,4
difficult,12
earliest,1
nordstrom,1
konw,2
waht,2
rael,2
gving,2
yuo,4
exmpel,2
jsut,2
ese,3
tihs,4
evrey,2
splleing,2
wrnog,2
sitll,2
raed,2
wihtuot,2
ayn,2
mitsake,2
sleepsweet,2
conference,1
degree,1
joining,2
finance,2
prospects,3
bleak,1
filled,2
shant,1
jia,2
bishan,4
nearer,1
sux,2
raiden,1
buff,3
south,8
preferably,4
kegger,2
totes,1
pierre,1
cardin,1
costs,2
sale,4
rhythm,2
establish,1
truro,1
ext,1
gas,13
gang,3
adventure,2
worryuse,1
ice,7
cloth,1
packalso,1
tablets,3
sunroof,1
excellent,7
sub,2
finishing,3
doors,3
wifi,2
blanked,1
image,1
noi,2
rumour,2
kalainar,1
officethenampet,1
nosy,1
idk,4
reacting,1
freaked,1
whom,4
satanic,1
imposter,1
meneed,1
priceso,1
itmay,1
destiny,1
companion,1
chef,1
listener,1
organizer,1
boyfriend,2
sympathetic,1
athletic,1
courageous,1
determined,1
dependable,1
psychologist,1
pest,1
exterminator,1
psychiatrist,1
healer,1
stylist,1
driver,2
aaniye,1
pudunga,1
venaam,1
brothas,3
chasing,2
chez,1
jules,1
hhahhaahahah,1
nig,1
leonardo,1
dereks,1
kicks,2
john,12
strain,1
dime,2
transfer,2
withdraw,1
anyhow,1
falling,2
force,3
smeone,2
millers,1
fire,2
spark,1
flame,2
rawring,1
xoxo,1
somewhr,1
perfect,3
crushes,1
honeymoon,1
outfit,1
propose,2
blame,3
gods,9
blessings,3
collect,5
cheque,1
leo,1
kthen,2
patty,1
donewant,1
haul,1
wildlife,1
wantcome,1
thatworzels,1
wizzle,1
dippeditinadew,2
lovingly,2
itwhichturnedinto,2
gifted,2
tomeandsaidthis,2
shanghai,1
instead,7
cya,1
freezing,3
thnx,1
sef,1
darling,3
anjie,1
batch,2
fring,1
app,2
oz,4
flaky,2
sooooo,2
living,4
laughing,4
winning,3
tooo,2
nte,1
confuses,2
doesnычt,1
wating,2
talents,1
animal,1
buzz,7
adoring,2
brought,2
shiny,1
warming,1
constant,2
cared,2
wasnt,13
surprised,4
french,1
fooled,1
comedycant,1
keen,1
switch,2
dammit,1
wright,1
fly,1
somewhat,1
event,2
laden,1
wrecked,1
six,1
spontaneously,1
goodevening,1
bagi,2
lei,23
waking,5
sif,1
partnership,2
mostly,2
inside,7
spageddies,1
phasing,1
fourth,1
dimension,1
yesbut,1
meaningful,1
lines,1
compromised,1
lmaonice,1
dub,1
je,1
toughest,1
еј,4
ideas,4
sight,7
remain,4
maintain,3
shjas,2
squatting,1
cramps,3
nan,3
sonathaya,1
soladha,1
cd,1
raping,1
dudes,1
poker,2
weightloss,1
congrats,8
mushy,1
embarrassed,1
stash,1
ran,5
priya,1
father,12
messy,2
kilos,1
accidant,1
tookplace,1
ghodbandar,1
traffic,2
moves,2
slovely,1
slip,2
ahnow,1
wherebtw,1
nus,1
sc,1
specialise,1
wad,1
likes,3
dislikes,3
keeps,2
queen,4
desparately,1
fren,4
promises,3
gotten,2
stereo,1
mi,1
unknown,2
album,2
classmates,1
firesare,1
missionary,1
hook,5
standing,3
entertaining,1
hugh,1
laurie,1
stick,2
indeed,2
praps,1
jon,1
bin,4
spain,1
dinero,1
ефrents,1
pes,1
tb,3
james,2
yours,8
hunnywot,1
bedroomlove,1
maangalyam,2
alaipayuthe,2
complaining,1
finns,1
di,3
bedroom,6
calm,2
downon,1
theacusations,1
itxt,1
iwana,1
wotu,1
doin,10
thewend,1
haventcn,1
agesring,1
nething,1
satlove,1
dine,1
iехm,4
vtired,1
social,5
services,1
inspection,1
nursery,1
detailsi,1
youmy,1
slowly,11
becomes,2
habit,2
follow,1
itmail,1
panren,1
paru,1
chuckin,1
red,4
trainners,1
carryin,1
bac,1
schedule,2
gooddhanush,1
needing,1
stuck,3
chikkusimple,1
habbahw,1
dileepthank,1
muchand,1
supportvery,1
contacts,2
hereremember,1
venugopal,1
mentionedtomorrow,1
latei,1
theregoodnight,1
remembrs,1
forgets,2
everytime,1
joys,9
mandan,2
regarding,3
textbook,1
algorithms,1
edition,1
selling,4
sexy,12
buns,5
adore,3
atlanta,4
messages,9
recharge,1
created,5
fills,4
gaps,4
holding,7
yessura,1
tvlol,1
arun,3
transfr,2
takin,4
philosophy,3
ui,1
didnехt,2
intend,1
iwasmarinethatехs,1
itriedtell,1
urmomi,1
careabout,1
desparate,2
learned,1
fake,1
answering,4
iraq,1
afghanistan,1
stable,1
honest,1
traveling,1
blessget,1
pai,1
seh,1
lookin,5
beer,4
combine,2
parts,1
walsall,1
tue,1
terry,1
chatting,1
jess,4
sian,2
ccna,1
shrek,1
db,1
dirty,3
fellow,1
somethings,1
dying,1
lifting,1
teresa,1
received,2
package,3
dec,1
yould,1
bam,1
aid,1
usmle,1
squishy,1
mwahs,1
prominent,1
cheek,1
september,1
husband,3
norm,1
access,2
list,7
joanna,2
comingdown,1
dagood,1
replacement,2
murali,1
playerwhy,1
sts,1
five,3
engalnd,1
telly,2
mia,1
elliot,1
kissing,1
wiproyou,1
matric,1
toa,3
payoh,3
payments,1
fedex,1
team,3
kyou,1
reception,1
godi,4
youclean,4
bloodsend,4
itplspls,4
hate,5
consensus,1
entertain,1
delete,2
tag,1
wednesday,8
skype,4
laundry,2
underwear,2
bras,1
strewn,1
pillows,1
connect,2
waheed,2
fathima,3
mmmm,3
weaknesses,1
pushes,2
knees,2
exposes,1
pulls,1
wicked,1
sh,1
readyall,1
supports,1
srt,1
thnk,7
jontin,1
pen,1
beyond,3
biro,1
masters,4
nichols,2
unconsciously,1
avoiding,2
unhappy,1
excuse,7
jog,1
season,4
lark,1
stations,1
uh,2
heads,2
sim,6
lim,1
mp,2
player,2
vday,2
parachute,1
placed,1
unlimited,4
therere,2
table,2
lambda,1
build,2
snowman,2
angels,1
snowball,1
fights,2
ello,1
ikea,3
ofice,1
cn,3
oficegot,1
duffer,1
grr,1
prescription,2
pharmacy,1
cook,4
electricity,2
nor,1
mid,5
fffff,1
kadeem,3
fujitsu,2
lifebook,1
scold,2
zhong,1
se,3
qing,1
act,1
accordingly,1
hypertension,1
mineall,1
wud,2
annoyin,1
carry,3
disturbing,2
avatar,3
nigro,1
scratching,1
anyplaces,1
stops,3
cleaning,4
upset,2
priority,1
constantly,3
ecstasy,1
flies,2
tried,5
hittng,1
reflex,1
kkwhy,2
lousy,3
cat,4
woken,2
hip,4
adewale,1
aka,2
egbon,1
minstand,1
ic,3
mary,1
jane,2
deduct,1
wrks,1
monkey,1
asshole,1
grab,1
sliding,1
payback,1
honeybee,3
sweetest,3
laughed,3
waitu,3
havnt,4
moral,5
crack,3
gmgngegn,3
tescos,1
feathery,1
bowa,1
infra,1
nvm,5
gep,1
delhi,2
thinkin,9
boat,3
naked,6
shhhhh,1
related,1
arul,1
amk,1
length,1
fringe,2
distract,2
santha,1
corrct,1
dane,1
baskets,1
proof,3
rupaul,1
practising,1
curtsey,1
yeh,2
memory,1
mon,8
converted,1
ssindia,1
african,1
soil,1
major,3
roles,1
community,1
outreach,1
mel,2
birth,3
lb,1
brilliantly,1
forwarding,1
intention,1
visitors,1
choice,2
rules,1
responsibility,2
bend,1
rule,3
thia,1
inlude,1
previews,1
ambrithmaduraimet,1
dha,1
marrgeremembr,1
kitty,1
shaved,1
natural,4
onwards,3
anybodys,1
tactful,1
theatre,6
obviously,5
eggspert,1
potato,1
headы,1
crammed,1
satsgettin,1
lie,3
apologize,1
admit,1
pei,1
kid,2
boost,5
energy,7
subtoitles,1
simply,3
sitting,9
jot,1
pack,3
storelike,1
cereals,1
gari,1
infernal,4
affair,2
including,3
calicut,3
thkin,1
parco,2
nb,2
resubbing,1
shadow,1
breadstick,1
ahmad,6
saeed,1
hallaq,2
redim,1
blueu,1
purpleu,1
pinku,1
orangei,1
lyk,1
greeni,1
yelowi,1
bck,2
blackim,1
browni,1
giv,2
color,2
arranging,1
eldest,1
drugdealer,1
sleepwellamptake,2
wondarfull,1
normally,3
hunonbus,1
donyt,1
homebut,1
latelyxxx,1
mca,2
rich,3
yor,3
ownyouve,1
stressed,1
skallis,1
jason,3
soooo,1
provider,1
tming,2
cutest,1
dice,1
art,3
howda,1
mathe,1
samachara,1
audrie,1
autocorrect,1
simulate,1
readiness,1
armand,5
andor,1
vomiting,2
rub,2
feet,4
lara,1
loan,5
supplies,1
clever,2
guesses,1
attach,1
washob,1
nobbing,1
nickey,1
platt,1
ryan,1
vikky,6
mad,4
argh,3
spotty,1
province,1
sterling,1
problemfree,1
looked,5
xam,2
hall,1
term,1
manage,2
hesitation,1
intha,1
ponnungale,1
ipaditan,1
rejected,1
shitload,2
diamonds,2
tessypls,3
favor,3
nimyapls,3
shijas,3
aunty,2
china,3
noisy,1
needa,1
mcat,2
sfrom,1
manual,1
processits,1
password,4
reset,1
troubleshooting,1
strongly,1
sacrifice,2
beg,1
expecting,5
creativity,1
stifled,1
morphine,3
requirements,1
stayin,2
strangersaw,1
dave,1
heехs,1
sorted,2
nowstill,1
bloke,1
mrur,1
getha,1
cld,2
prefer,3
nosh,1
waaaat,1
lololo,1
tables,1
occupied,1
comei,1
kindly,2
documents,1
submitted,1
stapati,1
miles,5
cutie,1
wales,2
hills,1
killed,2
colleagues,9
sed,5
mood,8
minuts,5
latr,5
caken,5
kidz,4
surprise,7
sofa,8
honesty,1
specialisation,1
labor,1
shakara,1
beggar,1
london,2
smashed,1
dent,1
everybodys,2
speed,2
crickiting,1
imin,1
towndontmatter,1
urgoin,1
outlr,1
yavnt,1
played,2
original,1
popping,1
ibuprofens,1
sip,1
grown,1
chinatown,1
porridge,1
claypot,1
yam,1
fishhead,1
beehoon,1
tok,2
specific,2
jaklin,1
nearby,1
cliffs,1
pages,4
figures,2
ooh,1
moseley,1
weds,1
thankyou,1
pendingi,1
dayswill,1
thrurespect,1
homecheck,1
affectionate,2
loveable,1
eternal,1
noble,1
truthful,1
intimate,1
enamous,1
textin,1
cousin,2
excuses,2
rajipls,3
nimya,3
legs,3
neck,2
amigos,1
burn,1
progress,1
continue,2
holy,2
werent,1
arty,1
collages,1
tryin,1
billion,2
classes,2
waliking,1
cartons,1
pleased,3
shelves,1
pix,4
distance,3
notice,4
mirror,1
turning,2
freak,4
jod,1
keris,1
smidgin,1
collegexx,1
belive,2
intentions,1
empty,10
slots,2
accordin,1
discussed,2
knocking,1
sicomo,1
nolistenedthe,1
plaid,1
albumquite,1
gdthe,1
hilariousalso,1
boughtеуbraindanceеуa,1
compofstuff,1
aphexехs,1
abel,1
nelson,1
bbs,1
temp,3
unmits,1
display,3
newspapers,1
soup,3
yummmm,1
management,3
puzzeles,1
include,1
spoiled,2
threats,1
sales,1
shifad,1
raised,1
complaint,2
official,1
doctors,1
reminds,1
godid,1
lounge,2
lk,2
role,6
lov,2
checked,6
dust,1
watchin,1
lifetime,1
meaningless,1
alls,1
brdget,1
jones,1
inever,1
exciting,2
hmmbad,1
newshype,1
studio,1
takenonly,1
bedrm,2
unable,3
waited,2
velly,1
wkend,3
journey,3
huge,2
marking,1
letters,4
mids,2
annie,2
remind,5
vai,1
hrishi,2
nothin,2
hanger,1
poem,2
cheer,3
tear,7
thatll,2
bags,3
blanket,1
regular,2
significant,1
waqt,1
pehle,1
naseeb,1
zyada,1
kisi,1
ko,1
kuch,1
nahi,2
miltazindgi,1
wo,2
jo,2
hum,1
sochte,1
zindgi,1
ham,2
jeetey,1
worse,7
stalking,1
dan,2
reminded,1
varaya,1
elaya,1
anand,1
store,2
offers,1
beach,1
expected,1
aww,2
nearly,2
deadwell,1
jez,1
iscoming,1
todo,1
workand,1
whilltake,1
zogtorius,1
iехve,1
staring,2
age,5
whether,5
financial,1
problemi,1
alian,1
posible,1
century,1
cm,1
frwd,1
unnecessarily,2
sorts,1
owned,1
possessive,1
nohe,1
clarification,1
issue,3
weigh,2
regret,2
coimbatore,1
tom,2
opinions,1
categories,1
measure,3
ethnicity,1
census,1
transcribing,1
propsd,2
gv,2
lv,2
lttrs,2
threw,2
thm,3
aproach,2
dt,2
truck,2
speeding,2
wn,3
girld,2
hw,7
instantly,2
thy,2
lived,2
happily,2
gthr,2
drinking,3
evrydy,2
msgsd,2
paragon,2
cakes,1
bluff,2
impossible,3
goodmate,1
sary,2
asusual,1
cheered,1
franyxxxxx,1
batt,1
added,4
wwwfullonsmscom,2
visit,8
realize,2
gn,2
pussy,6
messageno,3
responcewhat,3
happend,4
piece,2
wiskey,2
brandy,2
rum,2
gin,2
vodka,3
scotch,2
shampain,2
kudiyarasu,2
dhina,2
vaazhthukkal,2
gained,1
kg,2
sugar,4
pressure,1
limits,1
dumb,2
thangam,3
okey,3
doke,1
dressed,2
laying,1
kills,2
neshanthtel,1
byatch,1
whassup,1
kay,2
roger,4
cl,1
wasted,2
chiong,1
christ,2
dialogue,1
cute,7
reltnship,1
solve,4
murdered,7
police,10
questioned,3
siri,3
cooking,4
gardener,3
vegetables,3
housemaid,7
neighbour,3
murderer,7
brilliant,4
pose,1
comb,1
dryer,1
fps,1
computational,1
science,2
push,2
answered,2
madamregret,1
disturbancemight,1
dlf,1
premaricakindly,1
informedrgdsrakheshkerala,1
settle,3
err,1
bloo,3
kbut,1
hitteranyway,1
offline,1
anjolas,1
txting,1
indians,3
swiss,2
directors,1
lac,1
crore,2
deposited,1
taxless,1
budget,6
jobs,2
lane,2
suply,1
projects,1
citizen,3
monthly,2
imf,1
blocked,1
politicians,2
rights,2
corrupt,1
itna,1
karo,1
pura,1
padhegm,1
torrents,1
particularly,1
slowing,1
commit,1
random,5
rightio,1
brum,1
donno,2
scorable,1
stars,2
paranoid,1
brin,1
properly,2
sheet,1
kgive,1
complain,1
onlybettr,1
bsnl,1
offc,1
payed,1
suganya,1
dessert,1
abeg,1
profit,1
sponsors,1
onum,1
candont,1
poet,1
imaginationmy,1
carso,1
rr,1
famamus,1
pongaldo,2
sry,2
furniture,2
lock,2
locks,1
key,3
jenne,1
easiest,1
barcelona,1
ru,5
kdo,1
daurgent,1
pansy,1
jungle,1
kanji,1
drinkpa,1
srs,1
drizzling,1
appointments,1
shoving,2
papers,2
greetings,3
excused,1
drama,1
plsi,1
struggling,1
strange,2
placeno,1
ego,1
necessity,1
gowait,1
reppurcussions,1
released,3
cosign,1
hcl,1
requires,1
freshers,1
processexcellent,1
neededsalary,1
upto,2
mssuman,1
telephonic,1
indyarockscom,2
resume,2
datoday,2
direct,2
link,4
cars,5
bids,1
restuwud,1
reliant,1
fwiw,1
afford,1
happens,7
kanowhr,1
maga,3
sq,1
arrival,1
yunny,2
citylink,1
er,5
props,1
pleasant,1
statements,1
bognor,1
splendid,1
yesim,1
ktv,1
misplaced,1
computers,1
mmmmm,2
medicine,3
begun,1
registration,1
permanent,1
residency,1
plenty,6
claire,1
relatives,2
deliver,5
risks,1
benefits,1
amount,5
hmmmhow,1
predicting,1
accumulation,1
programs,1
belongs,1
herwho,1
fated,1
shoranur,1
incident,3
fuelled,1
concern,1
prior,1
grief,1
violence,3
goodenvironment,2
terrific,2
honestly,1
promptly,1
burnt,1
advice,5
someplace,1
goods,1
pressies,1
dr,2
superior,2
ultimately,1
tor,1
motive,1
tui,1
achieve,1
korli,1
weычll,1
dock,1
rolled,1
newscaster,1
dabbles,1
flute,1
behind,6
wheel,1
ruin,2
erm,3
contract,2
theth,1
october,1
elaborating,1
safety,1
aspects,1
issues,3
department,2
oursso,1
youany,1
conform,2
member,2
flow,1
developed,1
ovarian,1
cysts,1
bc,2
shrink,1
onit,1
upping,1
grams,1
timin,1
apes,1
death,3
ibm,1
hp,1
toshiba,2
gosh,1
spose,1
usualiam,3
rimac,1
arestaurant,1
squid,1
dosomething,1
ucall,1
wrki,1
dabooks,1
wrk,2
sam,2
eachother,1
luckily,1
starring,1
madam,2
restocked,1
innocent,2
mental,2
smoothly,1
hoped,2
bills,2
challenging,1
marrow,2
hon,2
nightsexcellent,1
breakfast,1
hamper,1
reality,1
daal,1
above,1
unni,1
rechargerakhesh,1
lacking,1
particular,1
dramastorms,1
forfeit,1
treated,2
digi,1
fab,2
coupla,1
sundayish,1
held,1
prasad,1
tiwary,2
rcbbattle,1
bang,2
kochi,1
cancer,6
checkup,1
pap,2
smear,1
gobi,1
arts,2
pandy,1
technologies,1
todayhe,1
olowoyey,1
uscedu,1
argentina,1
secretary,2
taxt,1
massagetiepos,1
lool,1
dollar,2
pull,2
spending,4
taylors,1
shaking,1
booty,3
timeslil,1
busyi,1
scarcasim,1
naal,1
eruku,1
chikkuwat,1
remains,3
bro,3
amongst,2
bros,3
impressively,1
sensible,1
whens,4
alsoor,1
danalla,1
obedient,1
ft,1
combination,1
needy,1
pouts,3
stomps,3
northampton,2
abj,2
serving,2
playng,1
landline,2
anna,2
nagar,2
yupz,1
modelsony,1
ericson,1
der,1
luks,1
modl,1
cheesy,1
frosty,1
witin,1
shirts,3
nudist,1
themed,1
pump,1
petrol,2
feb,5
valued,2
ignore,4
evr,2
signal,1
neither,2
unusual,1
hugs,2
snogs,2
west,2
palm,1
printing,1
handing,1
chase,2
stated,1
perpetual,1
dd,1
steam,2
reg,2
pract,1
flung,1
january,6
public,4
govtinstituitions,4
closedincluding,4
officeunderstand,3
process,3
justbeen,1
overa,1
brains,1
mush,1
tunde,1
missions,1
sleepy,2
dare,4
ben,2
mag,2
avo,1
middle,3
crashed,1
cuddled,1
chachi,1
pl,1
tiz,1
kanagu,1
prices,1
ringing,1
houseful,1
brats,1
pulling,1
diwali,2
tick,6
nowonion,1
derp,1
abusers,1
lipo,1
easter,1
netflix,1
thgt,2
clash,1
arr,1
oscar,1
rebtel,1
firefox,1
user,1
numbers,4
lower,2
pin,5
various,2
impressed,1
funs,1
teluguthts,1
gudk,2
exhaust,2
replacing,1
ordered,1
mittelschmertz,1
paracetamol,1
salespee,1
arrived,1
cthen,1
enuff,3
conclusion,1
contents,3
pg,3
references,1
atyour,1
success,2
rugby,1
affidavit,1
twiggs,1
division,2
courtroom,1
creep,2
lil,2
showers,1
possessiveness,1
poured,1
lies,2
golden,1
lasting,1
wtc,1
weiyi,1
private,1
property,2
godtaken,1
teethis,1
paining,1
maggi,1
mee,1
nasty,1
cough,1
com,1
bbdpooja,1
pimpleseven,1
blackand,1
sweatter,1
nicenicehow,2
ambitious,1
miiiiiiissssssssss,1
tunji,1
iz,4
yellow,2
misscall,1
frndz,1
wipro,1
tall,1
doubt,2
handle,4
note,4
robs,1
avenge,1
japanese,2
proverb,2
itu,2
itleave,2
strike,3
choices,1
toss,1
coin,2
gudni,1
dancin,1
cinema,5
explicitly,1
nora,1
smith,1
gayle,1
crucify,1
moved,3
butting,1
freedom,2
vs,1
cedar,1
twenty,2
durham,1
reserved,1
seat,3
painting,2
wall,1
printer,1
groovy,1
groovying,1
harishs,1
transfred,1
acnt,1
nowadayslot,1
showroomscity,1
shaping,1
attending,1
talks,2
probs,2
doinat,1
callon,1
low,2
bought,4
rons,1
swatch,2
kkyesterday,1
ganesh,2
dress,3
collecting,3
configure,1
settings,1
trips,2
iыєm,1
orange,3
isnыєt,1
anal,1
sex,2
pears,1
helloooo,2
welcomes,2
summer,1
celebrate,4
such,1
worlds,2
oooooh,1
thatnow,1
weехve,1
geva,2
mint,1
uxxxx,1
humans,1
studyn,1
wuld,2
everyboy,1
xxxxxxxx,1
solved,2
brilliantthingi,1
answr,1
liquor,1
flaked,3
loko,1
lined,1
tm,4
laughs,1
fireplace,1
icon,1
fifth,1
woozles,1
weasels,1
gary,3
cheaper,3
machines,1
fucks,2
sake,2
ignorant,1
mys,1
bruce,2
downs,1
fletcher,1
teaching,1
bowls,1
cozy,1
nightnobody,1
buzzzz,1
chest,2
vibrator,1
shake,1
covers,2
trends,1
pros,1
cons,1
brief,2
description,1
nuclear,1
fusion,1
history,3
iter,1
jet,1
nonenowhere,1
ikno,1
doesdiscountshitinnit,1
jabo,1
abi,4
hadya,1
sapna,1
manege,1
yday,1
hogidhechinnu,1
swalpa,1
agidhane,1
sports,1
typelyk,1
footblcrckt,1
swell,1
tim,1
bollox,1
tol,1
hang,2
ingredients,1
pocy,1
bell,3
non,1
senor,1
giggle,1
possibly,1
persondie,1
nvq,1
reboot,2
grinder,1
youkwhere,1
buyers,1
figuring,1
entirely,1
understood,3
bottom,3
knowhe,1
phoned,2
disconnected,1
onluy,1
matters,1
offcampus,1
rileys,1
ew,1
wesley,1
howve,1
lingo,1
medont,1
lm,1
hm,3
salon,2
approaching,1
sankranti,1
republic,1
shivratri,1
ugadi,1
fools,1
independence,1
friendshipmotherfatherteacherschildrens,1
festival,1
dasara,1
mornings,1
afternoons,1
evenings,2
rememberi,1
theseyours,1
raj,2
lifeis,1
daywith,1
thoughts,1
somewheresomeone,1
tosend,1
greeting,1
selflessness,1
initiate,1
tallent,1
wasting,1
usc,2
payment,2
portal,1
dontgettext,1
lennon,1
bothering,1
crab,3
shorethe,1
waves,2
footprints,3
clearing,2
fox,1
following,2
frndsship,1
dwn,1
slaaaaave,1
summon,1
changes,3
appendix,1
range,2
slob,1
click,2
smiled,2
gudnite,1
topicsorry,1
webpage,1
yeesh,1
gopalettan,1
participate,1
admin,2
kkfrom,1
ay,1
satм,1
andros,2
steal,1
isaiahd,1
meets,2
foot,2
penis,2
expert,1
sigh,2
ssi,1
thinl,1
sachinjust,1
importantly,1
tightly,1
wnevr,1
fal,1
vth,2
books,3
fals,1
yen,1
madodu,1
nav,1
pretsorginta,1
nammanna,1
pretsovru,1
alwa,1
eveb,2
window,2
homelove,1
staffsciencenusedusgphyhcmkteachingpc,1
emigrated,1
hopeful,1
olol,1
stagwood,1
winterstone,1
victors,1
hill,4
jp,1
mofo,1
pathaya,1
enketa,1
maraikara,1
priest,1
reserves,1
intrude,1
dates,2
walkabout,1
cashed,1
announced,1
blog,1
footie,1
blow,1
phil,1
neville,1
abbey,1
returning,1
knowing,3
auctionpunj,1
thurs,3
pre,1
cancelled,2
sacked,1
barred,1
lifethis,1
twat,1
dungerees,1
decking,1
punch,1
mentionned,1
planned,7
onlydon,1
grl,4
hogolo,1
gold,1
kodstini,1
agalla,2
madstini,1
hogli,1
mutai,1
eerulli,1
kodthini,1
kano,3
thasa,1
messed,1
upyeh,1
tex,1
mecause,1
werebored,1
okden,1
uin,1
satsoundехs,1
likeyour,1
grfun,1
updat,1
countinlots,1
xxxxx,1
tagged,1
count,2
arrive,1
challenge,2
hdd,1
casing,1
mystery,1
opened,1
describe,1
asus,1
randomly,1
reformat,1
otside,2
leu,1
plumbers,1
tape,3
wrench,1
bcum,1
films,1
appeal,1
thriller,1
director,1
size,2
elephant,1
shove,1
um,1
cr,1
pookie,1
wouldnt,5
youdearwith,1
loverakhesh,1
nri,1
itехs,2
unique,1
deserve,1
tight,2
lick,3
diddy,1
neighbor,1
toothpaste,1
av,2
oneta,1
poking,1
everyday,2
deam,1
curious,2
conditions,1
coccooning,1
auto,3
mus,1
asap,4
yeahand,1
newquaysend,1
postcard,2
goneu,1
talkin,1
boutxx,1
divorce,1
bread,2
windy,1
mahal,2
knowthis,1
tirunelvai,1
dusk,1
puzzles,1
stairs,1
phews,1
thangamits,1
redred,2
bloodblood,2
heartheart,2
relation,5
luvs,2
praying,2
recycling,1
earning,1
toledo,1
ding,2
tai,1
feng,1
reservations,1
swimsuit,1
allowed,2
necessary,2
squeeeeeze,1
hug,4
lik,5
frndshp,1
luvd,1
asks,5
themp,1
volcanoes,1
erupt,1
arise,1
hurricanes,1
sway,1
aroundn,1
disasters,1
lighters,1
kkits,1
goodwhen,1
lasagna,1
chickened,1
messaged,2
woould,1
city,1
drove,1
shore,1
deus,2
tap,2
spile,2
broad,2
canal,2
engin,2
onedge,1
raviyog,1
peripherals,1
bhayandar,1
east,2
sunoco,1
howard,2
musical,1
plate,1
leftovers,1
caller,1
starving,1
cooked,2
cheat,2
fatty,1
badrith,1
chennaii,1
usno,1
owe,1
checkin,1
numberso,1
ittb,1
block,1
armenia,1
swann,1
smoking,3
wylie,4
justify,1
ruining,2
meds,6
hunt,1
everyones,1
babysitting,1
itll,1
gonnamissu,1
muchi,2
buttheres,1
aboutas,1
merememberin,1
asthere,1
ofsi,1
breakin,1
yaxx,1
ee,2
poortiyagi,1
odalebeku,1
hanumanji,1
hanuman,1
bajarangabali,1
maruti,1
pavanaputra,1
sankatmochan,1
ramaduth,1
mahaveer,1
janarige,1
ivatte,1
kalisidare,1
olage,1
ondu,1
keluviri,1
maretare,1
inde,1
dodda,1
problum,1
nalli,1
siguviri,1
idu,1
matra,1
neglet,1
easily,2
ijust,1
talked,1
opps,1
tts,1
gei,1
tron,1
dl,1
selfish,1
spiffing,1
workage,1
craving,1
fml,2
supose,1
babysit,1
therexx,1
spaces,1
embassy,1
lightly,1
custom,2
checkboxes,1
hardcore,1
sac,2
hundredhe,1
batsman,1
yettys,1
approx,1
jiayin,2
forgotten,2
reverse,2
cheating,2
mathematics,2
waxsto,2
basic,4
emailed,1
yifeng,1
theyll,1
slurp,1
minimum,2
ing,1
brainless,1
dolld,1
vehicle,1
sariyag,1
madoke,1
barolla,1
postponed,1
stocked,1
elaine,2
tiime,1
tears,1
etc,6
afternon,1
interviews,1
resizing,1
opposed,1
drunken,2
somerset,1
overtime,1
nigpun,1
dismissial,1
screwd,1
bull,1
floating,1
mess,2
heehee,1
arithmetic,1
percentages,1
amazing,3
chillaxin,1
das,1
iknow,1
wellda,1
peril,1
studentfinancial,1
crisisspk,1
monster,1
ths,3
ias,2
obey,1
uhhhhrmm,1
mb,2
youphone,1
athome,1
youwanna,1
jack,1
sayask,1
helpful,1
pretend,1
response,2
hypotheticalhuagauahahuagahyuhagga,1
brainy,1
info,2
occasion,1
celebrated,1
reflection,1
values,1
desires,2
affectionsamp,1
traditions,1
cantdo,1
anythingtomorrow,1
myparents,1
aretaking,1
outfor,1
katexxx,1
level,1
further,1
gate,1
board,1
overheating,1
reslove,1
inst,1
pending,2
western,1
outta,4
nowadays,1
notixiquating,1
laxinorficated,1
bambling,1
entropication,1
oblisingately,1
opted,1
masteriastering,1
amplikater,1
fidalfication,1
champlaxigating,1
atrocious,1
wotz,1
junna,1
accident,1
divert,1
wadebridgei,1
vill,1
orc,1
seeking,1
priscillas,2
dayexcept,1
wisdom,3
inform,4
wherres,1
resolution,1
replybe,1
frankgood,1
logoff,1
parkin,1
kent,2
vale,2
cannt,3
asa,1
prince,1
charming,1
mention,1
served,1
arnt,1
xxxxxxxxxxxxxx,1
alle,1
moneeppolum,1
pole,1
allalo,1
fundamentals,1
camera,3
mega,2
pixels,1
optical,1
digital,1
dooms,1
peteynoiехm,1
timehope,1
alritehave,1
js,1
amx,1
burgundy,1
captaining,1
base,2
placement,2
amrita,1
profile,1
bpo,1
didnычt,2
nighters,1
persevered,1
regretted,1
wasnехt,1
spouse,1
pmt,1
sumthin,1
shldxxxx,1
thatd,1
scenario,1
spunout,1
wrld,1
pounded,1
lion,2
devouring,2
airtel,2
broadband,1
processed,1
installation,1
tensed,1
coughing,1
survey,1
warned,1
sprint,1
prolly,3
gower,1
ефmorrow,1
ер,3
alreadysabarish,1
jaya,2
inpersonation,1
flea,1
forums,2
itlet,2
nys,1
taj,1
symbol,1
lesser,1
known,1
facts,1
mumtaz,2
shahjahans,1
wifes,1
shahjahan,1
mumtazs,2
delivery,1
arises,1
hari,1
okcome,1
webadres,1
geting,1
ship,2
maturity,2
confirmed,3
passport,1
multiply,1
independently,1
decimal,2
showed,1
twins,1
equally,1
uneventful,1
pesky,1
cyclists,1
wereare,1
nalla,1
adi,1
entey,1
nattil,1
kittum,1
kavalan,2
hire,1
hitman,1
cps,1
causing,2
outages,1
conserve,1
jordan,1
voted,1
epi,1
bare,1
bhaskar,1
dubsack,3
individual,1
gong,1
kaypoh,1
football,2
basketball,1
outdoors,1
macho,3
interfued,1
blank,4
listed,1
apology,1
hustle,1
forth,1
audition,3
harlem,1
workout,1
fats,1
zac,1
hui,1
xin,1
lib,2
difference,2
versus,1
edge,1
underdtand,1
itboth,1
upnot,1
muchxxlove,1
locaxx,1
skateboarding,1
despite,2
thrown,1
winds,1
bandages,1
sky,1
dark,2
hectic,1
fell,3
swoop,2
langport,2
virtual,1
senthil,2
apnt,1
pants,1
waiti,1
gosri,1
lanka,1
wordnot,1
merely,1
relationshipits,1
wherevr,1
forevr,3
gudnyt,1
mistakes,2
plum,1
smacks,1
alot,1
formatting,1
attracts,1
vegas,2
lou,2
lancaster,1
neway,1
couldnехt,1
bехday,2
soc,1
bsn,1
advising,1
lobby,1
texted,4
showered,1
erything,1
vewy,2
lubly,1
sbut,1
catches,1
specify,1
domain,1
nusstu,1
ohi,1
hahatake,1
bari,1
hudgi,1
yorge,1
pataistha,1
ertini,1
hasbroin,1
august,1
jump,1
hoops,1
lateso,1
morningtake,1
dreamsu,1
meummifyingbye,1
networking,2
associate,1
rip,1
uterus,1
pool,2
jacuzzi,1
splwat,1
whr,1
aldrine,1
rakhesh,1
rtm,1
herepls,1
callurgent,1
sources,1
unhappiness,1
necesity,1
witout,1
hwd,1
colleg,1
watll,1
wth,1
functions,1
events,1
espell,1
irritated,1
wrd,1
dearloving,1
wthout,1
jst,3
takecare,1
univ,1
rajas,1
burrito,1
co,2
disconnect,2
callcoz,2
attempt,2
terrorist,2
itz,2
confirmd,2
nokia,3
motorola,2
verified,2
cnn,2
ibn,2
stitch,1
trouser,1
cheetos,1
names,1
synced,1
shangela,1
hppnss,2
sorrow,2
goodfriend,2
againloving,1
poo,1
gloucesterroad,1
uup,1
ouch,1
stayed,2
forgiveness,1
glo,1
yesmum,1
wlcome,1
eaten,3
timi,1
fishrman,1
sack,1
stones,2
strtd,1
throwin,1
atlast,2
stone,2
moraldont,1
physics,1
information,4
arpraveesh,1
delicious,1
salad,1
desert,2
beers,1
whore,1
flood,1
beads,1
wishlist,1
section,1
nitro,1
comfort,1
luxury,1
sold,1
onionrs,1
petrolrs,1
beerrs,1
armands,1
creative,1
review,2
fakemy,1
reffering,1
uif,1
getiing,1
rsi,1
weirdy,1
brownies,1
restrict,1
funeral,2
audrey,1
godnot,1
chikkuk,1
vivek,1
brah,2
possession,3
outif,1
greece,1
protect,2
ethreats,2
sib,2
sensitive,2
passwordsatmsms,2
recorded,1
someday,1
goodmorningmy,1
grandfather,1
expiredso,1
yuou,1
pc,2
spot,1
ipad,2
bunch,1
lotto,1
auction,1
bird,2
purchases,1
authorise,1
honeydid,1
gimmi,1
gossx,1
painit,1
todaydo,1
ystrdayice,1
chile,1
subletting,1
febapril,1
ammaelife,1
steering,1
anythings,1
sleeps,1
rounderso,1
required,1
truekdo,1
lambu,1
ji,1
cometil,1
batchlor,1
zoom,1
cheese,2
pink,1
pure,1
hearted,1
hisher,1
enemies,1
smiley,1
gail,1
wrongtake,1
worryc,1
ltr,1
hunlove,1
yaxxx,1
theoretically,1
hooked,1
formallypls,1
prayingwill,1
multimedia,1
senthilhsbc,1
vague,1
accounting,1
delayed,1
housing,1
agency,1
renting,1
presents,1
nicky,1
gumbys,1
sized,1
tarpon,1
springs,1
cab,1
availablethey,1
steps,1
careumma,1
limited,1
practice,2
deartake,1
radiator,1
proper,1
tongued,1
shorts,1
qi,1
suddenly,1
flurries,1
melt,2
ground,2
eek,2
born,3
perform,1
cards,1
rebooting,1
nigh,1
nooooooo,1
cable,1
outage,1
sos,1
playin,1
guoyang,1
rahul,1
dengra,1
antelope,1
toplay,1
fieldof,1
selfindependence,1
contention,1
growrandom,1
borderline,1
nightnight,1
possibility,1
grooved,1
pound,2
affairs,3
along,3
mising,1
lanre,1
fakeyes,1
eckankar,1
ph,1
heater,2
degrees,1
dodgey,1
seing,1
funky,1
faceasssssholeeee,1
ceri,1
rebel,1
dreamz,1
buddy,1
moro,2
nationwide,1
newport,1
shortly,1
juliana,1
nachos,1
eta,2
dizzamn,1
suitemates,1
nimbomsons,1
continent,1
emerging,1
fiendmake,1
muchimpede,1
hesitant,1
ow,1
deyi,1
thousadi,1
babes,4
sumthinxx,1
nose,1
essay,1
tram,1
vic,1
coherently,1
gran,1
onlyfound,1
afew,1
agocusoon,1
honi,1
university,3
southern,1
california,3
rayan,1
macleran,1
balls,1
olave,1
mandara,1
trishul,1
woo,1
hoo,1
panties,1
thout,1
flatter,1
pints,1
carlin,1
literally,2
ciao,1
starve,1
impression,1
motivate,1
darkness,1
timeyou,1
wknd,1
yalrigu,1
heltiniiyo,1
kothi,2
shared,1
meso,1
uttered,1
trusting,1
meok,1
chikkub,1
noice,1
esaplanade,1
occurs,1
prof,2
sem,2
student,2
enna,1
kalaachutaarama,1
coco,1
sporadically,1
youехre,1
burden,1
actual,2
harder,1
nbme,1
sickness,1
sathya,2
gam,1
smash,1
religiously,1
smart,2
await,1
dealing,2
muhommad,1
penny,1
doc,4
hubby,1
fiting,1
load,1
hwkeep,1
mj,1
unconvinced,1
elaborate,1
willpower,1
value,2
absence,1
answerin,1
reasonable,2
еи,1
evey,1
mnth,1
prin,1
ыthanks,1
ashwini,1
tomorrowtoday,1
jokethet,1
skinny,1
lineyou,1
casting,1
hockey,1
elections,1
shouldnычt,1
hlday,1
camp,1
amrca,1
serena,1
prescribed,1
med,1
kappa,2
meatballs,1
approve,1
panalambut,1
posts,1
fortune,1
allday,1
piss,2
boys,4
perf,1
outsider,1
receiptsыуwell,1
whatычs,1
familiar,1
depression,1
infact,1
canехt,1
cornwall,1
isnехt,1
shite,1
kip,1
hont,1
nannys,1
puts,1
perspective,1
sonot,1
conveying,1
karaoke,2
debating,1
guessing,2
jb,1
youso,1
florida,1
teeth,2
hidden,1
royal,2
wedding,2
tog,3
teams,1
swhrt,1
deyhope,1
daylove,1
misstake,1
eye,1
general,1
ifwhenhow,1
dayhas,1
valuemorning,1
hopeafternoon,1
faithevening,1
luvnight,1
restwish,1
todaygood,1
jetton,1
friendofafriend,1
dealer,1
lunsford,1
enjoying,1
kfc,1
meals,1
gravy,1
dahe,1
daalways,1
thisdon,1
messagepandy,1
attended,1
mw,1
tuth,1
mines,1
eviction,1
spiral,1
michael,1
riddance,1
suffers,1
raglan,1
edward,1
cricket,1
closeby,1
daplease,1
skye,1
bookedthe,1
hut,1
drastic,1
garments,1
sez,1
arab,1
evry,2
eshxxxxxxxxxxx,1
lay,1
bimbo,1
ugos,1
detroit,1
portege,1
semiobscure,1
loosu,1
careless,1
freaking,1
myspace,1
logged,1
partners,1
method,1
calculation,2
blur,2
clothes,2
jewelry,1
lush,2
fumbling,1
taunton,4
weekdays,1
haiz,3
nails,1
nobodys,1
common,5
asia,1
greatest,2
courage,2
bear,2
defeat,2
heartgn,2
tc,2
stil,1
fucked,2
tobed,1
beauty,2
pimples,1
asthma,1
attack,1
ball,1
moving,2
spin,1
haiyoh,1
million,1
auntys,1
prsn,1
somtimes,1
saves,1
sunlight,2
bcozi,1
loss,4
audiitions,1
relocate,1
pocked,1
motivating,1
sharing,1
brison,1
spelled,1
caps,1
among,1
bullshit,1
gwr,1
motherfucker,1
woodland,1
avenue,1
parish,1
magazine,1
telephone,1
billy,1
mates,2
jogging,2
concert,2
awww,1
useless,1
loo,1
helloed,1
shelf,2
swollen,1
glands,1
previous,2
captain,3
bcaz,1
stu,1
truble,1
evone,1
hates,1
mokka,2
view,1
gays,1
games,1
dual,1
hostile,1
haircut,1
breezy,1
appledayno,1
tulsi,1
leafdayno,1
lemondayno,1
milkdayno,1
bone,2
problms,1
litres,1
watrdayno,1
diseases,1
snd,1
lavender,1
manky,1
scouse,1
stevelike,1
travelling,1
homewot,1
inmind,1
recreation,1
epsilon,2
mesages,2
judgementali,1
fridays,1
hidid,1
waheeda,1
allow,1
bot,1
notes,1
deary,1
eventually,1
tolerance,1
hits,1
hellogorgeous,1
lst,2
nitw,1
texd,1
hopeu,1
ward,1
cin,1
jaz,1
exorcism,1
emily,1
emotion,1
dsnt,3
wordsevry,1
prayrs,1
uothrwise,1
uso,1
ujhhhhhhh,1
sandiago,1
parantella,1
hugging,1
sweater,1
mango,1
massive,2
involved,1
fineabsolutly,2
consent,1
forms,1
canычt,1
mathews,1
tait,1
edwards,1
anderson,1
haunt,1
promoting,1
crowd,1
snowboarding,1
goa,1
christmassy,1
baaaaaaaabe,1
ignoring,1
shola,1
academic,2
sagamu,1
lautech,1
vital,1
completes,1
education,1
rates,1
zealand,1
qet,1
dial,1
browser,1
surf,1
wellyou,1
lifeyou,1
convinced,2
thati,1
conversations,1
usget,1
timeyour,1
sensesrespect,1
overemphasiseor,1
internal,1
subs,1
extract,1
godyou,1
immed,1
skint,1
fancied,1
bevieswaz,1
othrs,1
spoon,1
watchng,1
planet,1
earthsofa,1
comfey,1
quitting,1
leasttimes,1
wudnt,1
coast,2
мпll,1
ima,1
frequently,1
messageit,1
cupboard,1
route,1
mro,1
uk,1
risk,1
grasp,1
flavour,1
laready,1
denying,1
dom,1
ffffuuuuuuu,1
julianaland,1
oblivious,1
upsetits,1
dehydrated,1
mapquest,1
dogwood,1
suppose,2
archive,1
lengths,1
behalf,1
stunning,1
visa,1
gucci,1
shits,1
babesozi,1
culdnt,1
talkbut,1
wannatell,1
wenwecan,1
smsing,1
efficient,1
erutupalam,1
thandiyachu,1
invention,1
flyim,1
noits,1
lyrics,1
nevr,1
unrecognized,1
somone,1
valuing,1
definitly,1
undrstnd,1
ger,1
toking,1
syd,1
lehhaha,1
khelate,1
kintu,1
opponenter,1
dhorte,1
lage,1
fried,1
spares,1
looovvve,1
warwick,1
tmw,1
canceled,1
sometime,3
tops,1
grandma,1
parade,1
posting,1
chennaibecause,1
grumble,1
linear,1
algebra,1
decorating,1
roomate,1
graduated,1
adjustable,1
cooperative,1
allows,1
nottingham,1
mph,1
clearly,2
mornin,1
thanku,1
morro,1
guessed,1
gain,2
itxx,1
beside,1
brisk,1
walks,1
steve,1
tellmiss,1
partys,1
contribute,1
greatly,1
urgh,1
coach,1
smells,1
duvet,1
predictive,1
url,1
sept,1
cha,2
beverage,1
vpist,1
surrender,1
symptoms,1
rdy,1
comp,1
realise,2
itnow,1
backwards,1
abstract,1
vikkyim,1
africa,1
avin,1
quiteamuzing,1
thatехscool,1
rows,1
engagement,1
fixd,1
bthmm,1
njan,1
vilikkamt,1
sudn,1
maths,1
chapter,1
chop,1
noooooooo,1
firsg,1
split,1
heat,1
applyed,1
laid,1
voucher,1
virgin,1
sumfing,1
hiphop,1
managed,2
oxygen,1
resort,1
roller,1
sport,1
showr,1
acted,2
upon,1
ceiling,1
presnts,1
bcz,1
mis,2
jeevithathile,1
irulinae,1
neekunna,1
prakasamanu,1
sneham,1
prakasam,1
ennal,1
prabha,2
mns,1
islove,1
blowing,1
firmware,1
vijaykanth,1
comedy,3
tvhe,1
hide,1
anythiing,1
keypad,1
btwn,1
decades,1
goverment,1
expects,1
spice,1
prasanth,1
ettans,1
appy,1
fizz,1
contains,1
genus,1
robinson,1
nottel,1
print,2
outs,1
soz,1
imat,1
msgsometext,1
wewa,1
iriver,1
bw,1
dajst,1
hmmmbut,1
surly,1
ending,1
capital,1
dokey,2
mmmmmmm,1
snuggles,1
contented,1
whispers,1
error,1
healthy,1
givits,1
kanoanyway,1
sticky,1
brotherычs,1
scraped,1
barrel,1
misfits,1
sleepin,2
sections,1
clearer,1
peach,1
tasts,1
therell,1
minor,2
shindig,1
phonebook,1
keng,1
rocking,1
ashes,1
xins,1
shijutta,1
kafter,1
offense,1
bbdthts,1
dvg,1
coldheard,1
vinobanagar,1
conditionand,1
ovulatewhen,1
woah,1
realising,1
orh,1
hides,1
thousands,1
secrets,1
darlinim,1
soonxxx,1
canteen,1
stressfull,1
adds,1
niswt,2
ardмд,1
leastwhich,1
pleasured,1
hitechnical,1
supportproviding,1
assistance,1
watever,1
built,1
lonlines,1
lotz,1
memories,1
gailxx,1
hii,1
repeat,1
instructions,1
complacent,1
denis,2
mina,1
miwa,1
hsbc,1
statement,1
woulda,2
mth,1
mths,1
opposite,1
heavily,1
dolls,1
patrick,1
swayze,1
miserable,2
quarter,1
flirting,1
nervous,1
fired,1
limping,1
followed,1
aa,1
oga,1
poorly,1
punishment,1
brb,1
kill,1
predicte,1
situations,1
loosing,1
smaller,1
capacity,1
defer,1
admission,1
checkmate,1
chess,1
persian,1
phrase,1
shah,1
maat,1
rats,1
themes,1
pee,1
burns,1
photoshop,1
manageable,1
shoppin,2
toopray,2
inshah,1
allah,3
ashley,1
sthis,1
increase,1
wifedont,1
iti,1
toolets,1
north,1
carolina,1
texas,1
gre,1
results,2
bomb,1
breathing,1
powerful,1
weapon,1
lovly,1
playi,1
clas,1
lit,1
loooooool,1
couch,1
celebration,2
rents,1
swashbuckling,1
terror,1
cruel,1
decent,1
joker,1
dips,1
gek,1
cruise,1
feelin,1
nuther,2
happiest,1
characters,1
differences,1
lists,1
tylers,1
crisis,1
whenwhere,1
antibiotic,1
abdomen,1
gynae,1
infections,2
exposed,1
chastity,1
device,1
beatings,1
uses,1
gut,1
wrenching,1
tallahassee,1
taka,1
wrote,1
ritten,1
fold,1
solihull,1
nhs,1
mistakeu,1
bornplease,1
local,1
terminatedwe,1
inconvenience,1
dentists,1
parent,1
itsnot,1
childs,1
parentnot,1
unintentional,1
nonetheless,1
hooch,1
toaday,1
splat,1
grazed,1
confirmdeny,1
hearin,1
yah,1
torture,1
england,1
hopeing,1
wasnычt,1
sisters,1
lips,1
startedindia,1
kkcongratulation,1
court,1
chapel,1
frontierville,1
mountain,1
deer,1
maili,1
mailed,1
varma,1
membershiptake,1
careinsha,1
secure,1
farting,1
ortxt,1
woot,2
stuffing,1
ahhhhjust,1
uphad,1
thoso,1
viveki,1
dado,1
kaila,1
cme,2
hos,1
parking,2
collapsed,1
cumming,1
jade,1
paul,1
barmed,1
thinkthis,1
dangerous,1
rushing,1
channel,1
coulda,1
okday,1
hmph,1
baller,1
punto,1
ayo,1
travelled,1
toyota,1
camry,1
olayiwolas,1
mileage,1
kits,1
landing,1
clover,1
numberpls,1
idconvey,1
achanammarakheshqatar,1
rencontre,1
mountains,1
galsu,1
nмвte,1
puppy,1
noise,1
sarasota,2
crossing,1
inconvenient,1
vldo,1
adsense,1
approved,1
dudette,1
perumbavoor,1
stage,1
cherish,2
clarify,1
preponed,1
younger,1
liver,1
hmmmstill,1
opener,1
guides,1
watched,1
loneliness,1
skyving,1
club,1
onwords,1
mtnl,1
mumbai,1
rajitha,1
ranju,1
styles,1
dearslp,2
welltake,2
careswt,2
dreamsmuah,2
disagreeable,1
afterwards,1
uawakefeellikw,1
shitjustfound,1
aletter,1
thatmum,1
gotmarried,1
thnovbehind,1
ourbacks,1
fuckinniceselfish,1
rearrange,1
dormitory,1
astronomer,1
starer,1
election,1
recount,1
motherinlaw,1
hitler,1
eleven,1
worms,1
suffering,1
dysentry,1
andre,1
virgils,1
lorgoin,1
gokila,1
shanilrakhesh,1
herethanksi,1
exchanged,1
uncut,1
diamond,1
stuffleaving,1
dino,1
prem,1
kkthis,1
kotees,1
hassling,1
andres,1
haughaighgtujhyguj,1
fassyole,1
blacko,1
londn,1
eva,2
responsibilities,1
humanities,1
reassurance,1
aslamalaikkuminsha,1
tohar,1
beeen,1
muht,1
albi,1
mufti,1
mahfuuzmeaning,1
enufcredeit,1
tocallshall,1
ileave,1
treats,1
okors,1
ibored,1
adding,1
zeros,1
savings,1
goigng,1
perfume,1
sday,1
joinedso,1
grocers,1
pubs,1
frankie,1
bennys,1
warner,1
changing,1
diapers,1
owed,1
unlike,1
patients,1
turkeys,1
helens,1
princes,1
dawhere,1
unintentionally,1
wenever,1
familymay,1
stability,1
tranquility,1
vibrant,1
colourful,1
renewal,1
bawling,1
failure,1
failing,1
velusamy,1
sirs,1
facilities,1
karnan,1
bluray,1
iычve,1
salt,1
wounds,1
logging,1
geoenvironmental,1
implications,1
fuuuuck,1
salmon,1
uploaded,1
wrkin,1
awkward,1
splash,1
leg,1
musta,1
overdid,1
discount,2
hiwhat,1
gastroenteritis,2
replace,2
reduce,2
limiting,2
illness,2
downloaded,1
foned,1
chuck,1
nightswe,1
port,1
step,4
liaotoo,1
stuffs,1
juswoke,1
boatin,1
docks,1
spinout,1
remet,1
uworld,1
qbank,1
assessment,1
tke,1
temales,1
vidnot,1
finishd,1
dull,1
studies,1
anyones,1
treadmill,1
craigslist,1
absolutely,1
drmstake,1
swan,1
teethif,1
asapok,1
hellohow,1
doingwhat,1
lamp,1
latebut,1
kwish,1
foward,1
misundrstud,1
genes,1
resuming,1
reapply,1
treatin,1
treacle,1
mumhas,1
beendropping,1
theplace,1
adress,1
moneyi,1
favorite,2
oyster,1
sashimi,1
rumbling,1
marandratha,1
topic,1
correctly,1
sirsalam,1
alaikkumpride,1
shopwe,1
qatarrakhesh,1
indianpls,1
numberrespectful,1
galcan,1
boyy,1
galno,1
heaven,1
princegn,1
pisces,1
aquarius,1
steyn,1
wicket,1
sterm,1
resolved,1
eggs,2
jam,1
hannaford,1
wheat,1
chex,1
pride,1
grownup,1
stuffwhy,1
costume,1
jerk,1
stink,1
openings,1
upcharge,1
guai,1
bottle,3
amused,2
select,1
astrology,1
ryans,1
program,1
slacking,1
officestill,1
formsdon,1
mentor,1
percent,1
sane,1
helping,1
spacebucks,1
weathers,1
squeezed,1
meremove,1
maintaining,1
dreading,1
thou,1
suggestion,1
lands,1
helps,1
forgt,1
ajith,1
ooooooh,1
yoville,1
asda,1
counts,1
officer,1
respectful,1
bffs,1
carly,1
someonethat,1
seperatedћцґуыud,1
brolly,1
franxx,1
welli,1
prometazine,1
syrup,1
mls,1
feed,1
shu,2
singapore,1
victoria,1
island,2
pocay,1
wocay,1
morrowxxxx,1
broth,1
ramen,1
fowler,1
ksry,1
sivatats,1
flew,1
pubcafe,1
attention,1
tix,1
biolas,1
fne,1
youdoing,1
worc,1
foregate,1
shrub,1
getanth,1
shopthe,1
receipts,1
pendent,1
hu,1
navigate,1
choosing,1
require,1
guidance,1
chick,1
boobs,1
revealing,1
gyno,1
belong,1
treasure,1
slide,1
mummys,1
positive,1
negative,1
hmmmm,1
dhoni,1
titleso,1
command,1
stressful,1
holby,1
li,1
lecturer,1
repeating,1
yeovil,1
motor,1
max,1
rhode,1
bong,1
ofcourse,1
upload,1
loti,1
tamilnaduthen,1
tip,1
apo,1
identification,1
limit,1
boundaries,1
endless,1
reassuring,1
lorwe,1
young,1
referin,1
meis,1
liaoso,1
saibaba,1
colany,1
chic,1
declare,1
disappointment,1
irritation,1
tantrums,1
compliments,1
adventuring,1
chief,1
mouse,1
desk,1
childporn,1
jumpers,1
hat,1
belt,1
cribbs,1
spiritual,1
barring,1
sudden,1
influx,1
kane,1
shud,1
pshewmissing,1
units,1
accent,1
dental,1
nmde,1
dump,1
heap,1
lowes,1
sony,1
salesman,1
pity,1
soany,1
suggestions,1
bitching,1
